From	To
A0AV96	ENSG00000163694.15
A2A288	ENSG00000178199.14
A2RUC4	ENSG00000162971.11
A4D1E9	ENSG00000105793.16
A5YKK6	ENSG00000125107.19
A6NDE4	ENSG00000242875.7
A6NGQ2	ENSG00000203907.10
A6NHQ2	ENSG00000188573.8
A7MD48	ENSG00000139767.10
A9UHW6	ENSG00000125457.15
C9JE40	ENSG00000229474.8
O00148	ENSG00000123136.15
O00178	ENSG00000100226.16
O00257	ENSG00000141582.15
O00267	ENSG00000196235.14
O00410	ENSG00000065150.21
O00411	ENSG00000099821.14
O00422	ENSG00000150459.13
O00425	ENSG00000136231.14
O00442	ENSG00000137996.13
O00541	ENSG00000100029.18
O00566	ENSG00000124383.11
O00567	ENSG00000101361.17
O00571	ENSG00000215301.11
O00584	ENSG00000026297.17
O14543	ENSG00000184557.4
O14647	ENSG00000173575.24
O14717	ENSG00000107614.22
O14746	ENSG00000164362.21
O14776	ENSG00000113649.14
O14979	ENSG00000152795.18
O14980	ENSG00000082898.19
O15042	ENSG00000163714.18
O15047	ENSG00000099381.20
O15056	ENSG00000078269.15
O15116	ENSG00000175324.10
O15213	ENSG00000227057.10
O15213	ENSG00000206284.8
O15213	ENSG00000236222.8
O15213	ENSG00000204221.11
O15213	ENSG00000226916.8
O15226	ENSG00000186416.18
O15234	ENSG00000108349.18
O15347	ENSG00000029993.15
O15371	ENSG00000100353.18
O15372	ENSG00000147677.12
O15381	ENSG00000143748.18
O15427	ENSG00000141526.18
O15446	ENSG00000117877.11
O15455	ENSG00000164342.14
O15504	ENSG00000136243.18
O15523	ENSG00000067048.17
O43143	ENSG00000109606.13
O43148	ENSG00000101654.18
O43159	ENSG00000132275.11
O43172	ENSG00000136875.13
O43251	ENSG00000100320.24
O43251	ENSG00000277564.4
O43290	ENSG00000175467.15
O43310	ENSG00000134030.14
O43310	ENSG00000282825.2
O43390	ENSG00000125944.22
O43390	ENSG00000282958.5
O43395	ENSG00000117360.13
O43399	ENSG00000101150.18
O43426	ENSG00000159082.18
O43432	ENSG00000075151.24
O43474	ENSG00000136826.15
O43592	ENSG00000184575.12
O43670	ENSG00000010244.19
O43707	ENSG00000130402.14
O43707	ENSG00000282844.2
O43709	ENSG00000071462.13
O43719	ENSG00000102241.12
O43809	ENSG00000167005.14
O43818	ENSG00000114767.7
O43823	ENSG00000105127.10
O43865	ENSG00000168710.18
O43896	ENSG00000129250.12
O60216	ENSG00000164754.16
O60231	ENSG00000204560.10
O60231	ENSG00000206486.8
O60231	ENSG00000233561.6
O60231	ENSG00000226171.6
O60231	ENSG00000233418.8
O60231	ENSG00000233049.6
O60231	ENSG00000231377.6
O60306	ENSG00000021776.11
O60341	ENSG00000004487.18
O60381	ENSG00000105856.14
O60381	ENSG00000283847.2
O60506	ENSG00000135316.20
O60508	ENSG00000168438.15
O60524	ENSG00000165525.18
O60563	ENSG00000129315.12
O60573	ENSG00000135930.15
O60583	ENSG00000082258.13
O60610	ENSG00000131504.18
O60763	ENSG00000138768.15
O60812	ENSG00000179172.10
O60812	ENSG00000282175.4
O60832	ENSG00000130826.19
O60841	ENSG00000158417.12
O60869	ENSG00000107223.13
O60870	ENSG00000151657.12
O60930	ENSG00000171865.10
O60936	ENSG00000140939.15
O75113	ENSG00000102921.8
O75116	ENSG00000134318.16
O75127	ENSG00000106246.18
O75131	ENSG00000085719.13
O75132	ENSG00000100426.8
O75150	ENSG00000103549.22
O75152	ENSG00000058673.17
O75179	ENSG00000132466.20
O75319	ENSG00000144048.12
O75319	ENSG00000291483.1
O75347	ENSG00000171530.15
O75369	ENSG00000136068.16
O75390	ENSG00000062485.19
O75400	ENSG00000196504.21
O75475	ENSG00000164985.15
O75494	ENSG00000188529.15
O75525	ENSG00000131773.15
O75533	ENSG00000115524.17
O75534	ENSG00000009307.17
O75554	ENSG00000120688.9
O75564	ENSG00000234616.9
O75569	ENSG00000180228.14
O75607	ENSG00000107833.11
O75616	ENSG00000132591.12
O75643	ENSG00000144028.15
O75648	ENSG00000100416.15
O75683	ENSG00000148296.7
O75683	ENSG00000281309.2
O75792	ENSG00000104889.7
O75817	ENSG00000172336.5
O75818	ENSG00000124787.14
O75821	ENSG00000130811.12
O75940	ENSG00000119953.14
O76003	ENSG00000108010.12
O76021	ENSG00000171490.13
O76094	ENSG00000174780.17
O77932	ENSG00000204348.10
O77932	ENSG00000206346.8
O77932	ENSG00000236765.6
O77932	ENSG00000234798.6
O77932	ENSG00000225682.6
O77932	ENSG00000224313.6
O94818	ENSG00000101746.16
O94875	ENSG00000154556.20
O94906	ENSG00000101161.8
O94913	ENSG00000165494.12
O94992	ENSG00000186834.4
O95059	ENSG00000163684.12
O95071	ENSG00000104517.13
O95104	ENSG00000156304.15
O95147	ENSG00000276023.5
O95147	ENSG00000275932.2
O95149	ENSG00000169371.14
O95163	ENSG00000070061.16
O95218	ENSG00000132485.14
O95232	ENSG00000108848.16
O95319	ENSG00000048740.19
O95363	ENSG00000145982.13
O95391	ENSG00000164609.10
O95429	ENSG00000156735.11
O95453	ENSG00000140694.18
O95453	ENSG00000274829.4
O95503	ENSG00000183741.12
O95628	ENSG00000080802.21
O95639	ENSG00000160917.15
O95707	ENSG00000105171.10
O95758	ENSG00000119314.16
O95777	ENSG00000128534.8
O95786	ENSG00000107201.12
O95793	ENSG00000124214.21
O95900	ENSG00000167112.10
O95926	ENSG00000117614.10
O95985	ENSG00000100038.20
P00374	ENSG00000228716.7
P00505	ENSG00000125166.13
P00966	ENSG00000130707.18
P00973	ENSG00000089127.15
P02786	ENSG00000072274.14
P03950	ENSG00000214274.10
P03973	ENSG00000124107.5
P04003	ENSG00000123838.11
P04075	ENSG00000149925.22
P04080	ENSG00000160213.10
P04150	ENSG00000113580.15
P04439	ENSG00000206503.15
P04637	ENSG00000141510.19
P04792	ENSG00000106211.11
P04818	ENSG00000176890.16
P04843	ENSG00000163902.12
P05141	ENSG00000005022.6
P05198	ENSG00000134001.15
P05204	ENSG00000198830.13
P05412	ENSG00000177606.9
P05455	ENSG00000138385.16
P05783	ENSG00000111057.11
P06730	ENSG00000151247.13
P06733	ENSG00000074800.16
P06748	ENSG00000181163.14
P07237	ENSG00000185624.16
P07305	ENSG00000189060.6
P07355	ENSG00000182718.18
P07585	ENSG00000011465.18
P07737	ENSG00000108518.8
P07814	ENSG00000136628.18
P07900	ENSG00000080824.19
P07910	ENSG00000092199.19
P08195	ENSG00000168003.19
P08238	ENSG00000096384.20
P08240	ENSG00000182934.12
P08579	ENSG00000125870.11
P08621	ENSG00000104852.15
P08670	ENSG00000026025.16
P09012	ENSG00000077312.9
P09132	ENSG00000153037.15
P09234	ENSG00000124562.10
P09382	ENSG00000100097.12
P09429	ENSG00000189403.15
P09543	ENSG00000173786.17
P09651	ENSG00000135486.19
P09661	ENSG00000131876.18
P09874	ENSG00000143799.14
P09913	ENSG00000119922.11
P09914	ENSG00000185745.10
P09960	ENSG00000111144.10
P0C024	ENSG00000140876.11
P0C7T5	ENSG00000224470.9
P0CG48	ENSG00000150991.16
P0DJD3	ENSG00000234414.8
P0DMV8	ENSG00000204389.10
P0DMV8	ENSG00000215328.6
P0DMV8	ENSG00000235941.5
P0DMV8	ENSG00000234475.5
P0DMV8	ENSG00000237724.5
P0DMV9	ENSG00000204388.7
P0DMV9	ENSG00000224501.5
P0DMV9	ENSG00000212866.6
P0DMV9	ENSG00000231555.4
P0DMV9	ENSG00000232804.5
P10074	ENSG00000204859.13
P10155	ENSG00000116747.13
P10276	ENSG00000131759.18
P10412	ENSG00000168298.7
P10599	ENSG00000136810.13
P10636	ENSG00000186868.18
P10636	ENSG00000277956.4
P10636	ENSG00000276155.4
P10809	ENSG00000144381.18
P11142	ENSG00000109971.14
P11387	ENSG00000198900.7
P11388	ENSG00000131747.15
P11831	ENSG00000112658.8
P11940	ENSG00000070756.17
P12081	ENSG00000170445.16
P12268	ENSG00000178035.13
P12270	ENSG00000047410.14
P12814	ENSG00000072110.17
P12956	ENSG00000196419.13
P13010	ENSG00000079246.16
P13639	ENSG00000167658.16
P13667	ENSG00000155660.11
P13693	ENSG00000133112.17
P13798	ENSG00000164062.13
P14324	ENSG00000160752.15
P14618	ENSG00000067225.21
P14625	ENSG00000166598.16
P14678	ENSG00000125835.20
P14866	ENSG00000104824.18
P14866	ENSG00000282947.2
P14868	ENSG00000115866.11
P15170	ENSG00000103342.13
P15311	ENSG00000092820.19
P15531	ENSG00000239672.8
P15559	ENSG00000181019.13
P15924	ENSG00000096696.17
P16401	ENSG00000184357.5
P16402	ENSG00000124575.7
P16403	ENSG00000187837.5
P16615	ENSG00000174437.18
P16989	ENSG00000060138.13
P17096	ENSG00000137309.21
P17480	ENSG00000108312.16
P17509	ENSG00000108511.10
P17844	ENSG00000108654.16
P17931	ENSG00000131981.16
P17947	ENSG00000066336.13
P17987	ENSG00000120438.12
P18031	ENSG00000196396.10
P18583	ENSG00000159140.23
P18615	ENSG00000204356.14
P18615	ENSG00000206268.11
P18615	ENSG00000206357.11
P18615	ENSG00000231044.10
P18615	ENSG00000229363.9
P18615	ENSG00000233801.9
P19022	ENSG00000170558.10
P19338	ENSG00000115053.17
P19474	ENSG00000132109.10
P19525	ENSG00000055332.19
P19544	ENSG00000184937.17
P20042	ENSG00000125977.7
P20073	ENSG00000138279.16
P20290	ENSG00000145741.17
P20839	ENSG00000106348.19
P21127	ENSG00000248333.9
P21128	ENSG00000111405.9
P21291	ENSG00000159176.14
P21333	ENSG00000196924.19
P21399	ENSG00000122729.19
P22087	ENSG00000105202.9
P22087	ENSG00000280548.4
P22314	ENSG00000130985.17
P22626	ENSG00000122566.23
P22830	ENSG00000066926.13
P23246	ENSG00000116560.12
P23284	ENSG00000166794.7
P23588	ENSG00000063046.18
P25490	ENSG00000100811.15
P25705	ENSG00000152234.16
P26038	ENSG00000147065.18
P26196	ENSG00000110367.14
P26358	ENSG00000130816.17
P26367	ENSG00000007372.25
P26368	ENSG00000063244.14
P26378	ENSG00000162374.18
P26447	ENSG00000196154.12
P26583	ENSG00000164104.12
P26599	ENSG00000011304.22
P26639	ENSG00000113407.14
P26651	ENSG00000128016.8
P27695	ENSG00000100823.12
P27695	ENSG00000291796.1
P27797	ENSG00000179218.15
P27816	ENSG00000047849.22
P27824	ENSG00000127022.16
P27824	ENSG00000283777.2
P28069	ENSG00000064835.12
P28799	ENSG00000030582.19
P29084	ENSG00000197265.9
P29558	ENSG00000153250.21
P29728	ENSG00000111335.14
P30086	ENSG00000089220.5
P30101	ENSG00000167004.14
P30876	ENSG00000047315.17
P31146	ENSG00000102879.17
P31483	ENSG00000116001.17
P31941	ENSG00000128383.14
P31941	ENSG00000262156.6
P31942	ENSG00000096746.18
P31943	ENSG00000169045.19
P31943	ENSG00000284254.4
P31948	ENSG00000168439.17
P33240	ENSG00000101811.15
P33316	ENSG00000128951.14
P34896	ENSG00000176974.22
P34896	ENSG00000284320.4
P35221	ENSG00000044115.21
P35241	ENSG00000137710.17
P35269	ENSG00000125651.14
P35579	ENSG00000100345.23
P35580	ENSG00000133026.14
P35611	ENSG00000087274.19
P35637	ENSG00000089280.20
P35659	ENSG00000124795.17
P36542	ENSG00000165629.20
P36639	ENSG00000106268.16
P36776	ENSG00000196365.12
P36873	ENSG00000186298.12
P37108	ENSG00000140319.11
P38159	ENSG00000147274.14
P38398	ENSG00000012048.26
P38432	ENSG00000121058.5
P38646	ENSG00000113013.16
P38919	ENSG00000141543.12
P38919	ENSG00000291508.1
P38935	ENSG00000132740.10
P39687	ENSG00000140350.15
P40227	ENSG00000146731.11
P40763	ENSG00000168610.17
P40926	ENSG00000146701.12
P41091	ENSG00000130741.11
P41214	ENSG00000143486.16
P41238	ENSG00000111701.7
P41252	ENSG00000196305.19
P41252	ENSG00000291356.1
P41567	ENSG00000173812.11
P42285	ENSG00000039123.16
P42694	ENSG00000198265.12
P42704	ENSG00000138095.20
P42765	ENSG00000167315.18
P42771	ENSG00000147889.18
P43243	ENSG00000015479.20
P43897	ENSG00000123297.20
P46013	ENSG00000148773.14
P46060	ENSG00000100401.21
P46087	ENSG00000111641.13
P46109	ENSG00000099942.13
P46199	ENSG00000085760.15
P47813	ENSG00000173674.11
P47974	ENSG00000152518.8
P48200	ENSG00000136381.13
P48431	ENSG00000181449.4
P48436	ENSG00000125398.8
P48444	ENSG00000095139.15
P48634	ENSG00000204469.13
P48634	ENSG00000206427.11
P48634	ENSG00000226618.9
P48634	ENSG00000231370.9
P48634	ENSG00000231825.9
P48634	ENSG00000225164.9
P48634	ENSG00000225748.9
P48643	ENSG00000150753.12
P49327	ENSG00000169710.9
P49368	ENSG00000163468.15
P49411	ENSG00000178952.11
P49458	ENSG00000143742.14
P49588	ENSG00000090861.17
P49589	ENSG00000110619.18
P49589	ENSG00000278191.4
P49590	ENSG00000112855.17
P49591	ENSG00000031698.13
P49674	ENSG00000213923.13
P49756	ENSG00000119707.14
P49761	ENSG00000179335.20
P49792	ENSG00000153201.17
P49842	ENSG00000204344.16
P49842	ENSG00000206342.12
P49842	ENSG00000236250.8
P49842	ENSG00000234947.8
P49842	ENSG00000226257.9
P49842	ENSG00000226033.11
P50395	ENSG00000057608.18
P50454	ENSG00000149257.16
P50579	ENSG00000111142.14
P50750	ENSG00000136807.14
P50991	ENSG00000115484.15
P50995	ENSG00000122359.18
P51003	ENSG00000090060.19
P51114	ENSG00000114416.19
P51116	ENSG00000129245.13
P51513	ENSG00000139910.20
P51530	ENSG00000138346.16
P51532	ENSG00000127616.22
P51608	ENSG00000169057.26
P51816	ENSG00000155966.14
P51843	ENSG00000169297.8
P51858	ENSG00000143321.19
P51991	ENSG00000170144.23
P52272	ENSG00000099783.13
P52292	ENSG00000182481.10
P52298	ENSG00000114503.11
P52594	ENSG00000173744.18
P52597	ENSG00000169813.17
P52756	ENSG00000003756.17
P52758	ENSG00000132541.11
P52948	ENSG00000110713.18
P53041	ENSG00000011485.15
P53597	ENSG00000163541.12
P53621	ENSG00000122218.17
P53999	ENSG00000113387.13
P54105	ENSG00000074201.9
P54136	ENSG00000113643.9
P54253	ENSG00000124788.19
P54577	ENSG00000134684.13
P54886	ENSG00000059573.9
P55010	ENSG00000100664.11
P55036	ENSG00000159352.16
P55039	ENSG00000108591.10
P55072	ENSG00000165280.18
P55081	ENSG00000140259.7
P55084	ENSG00000138029.14
P55145	ENSG00000145050.19
P55209	ENSG00000187109.15
P55210	ENSG00000165806.21
P55263	ENSG00000156110.15
P55265	ENSG00000160710.19
P55769	ENSG00000100138.15
P55795	ENSG00000126945.9
P55884	ENSG00000106263.19
P56181	ENSG00000160194.18
P56192	ENSG00000166986.15
P56270	ENSG00000103495.15
P57052	ENSG00000185272.14
P57721	ENSG00000183570.17
P57772	ENSG00000132394.11
P57772	ENSG00000284869.2
P58107	ENSG00000261150.3
P59044	ENSG00000174885.13
P60228	ENSG00000104408.11
P60321	ENSG00000188425.4
P60323	ENSG00000187556.8
P60323	ENSG00000288505.1
P60468	ENSG00000106803.10
P60842	ENSG00000161960.16
P60900	ENSG00000100902.11
P61011	ENSG00000100883.13
P61088	ENSG00000177889.10
P61326	ENSG00000162385.11
P61604	ENSG00000115541.11
P61764	ENSG00000136854.26
P61956	ENSG00000188612.12
P61978	ENSG00000165119.22
P61981	ENSG00000170027.7
P62191	ENSG00000100764.14
P62258	ENSG00000108953.17
P62258	ENSG00000274474.3
P62304	ENSG00000182004.13
P62306	ENSG00000139343.11
P62308	ENSG00000143977.14
P62310	ENSG00000170860.4
P62312	ENSG00000164167.12
P62314	ENSG00000167088.11
P62316	ENSG00000125743.11
P62318	ENSG00000100028.12
P62328	ENSG00000205542.11
P62487	ENSG00000168002.12
P62495	ENSG00000120705.13
P62633	ENSG00000169714.17
P62805	ENSG00000274618.2
P62805	ENSG00000197238.5
P62805	ENSG00000197837.4
P62805	ENSG00000158406.6
P62805	ENSG00000278705.4
P62805	ENSG00000197061.5
P62805	ENSG00000270882.3
P62805	ENSG00000270276.3
P62805	ENSG00000273542.3
P62805	ENSG00000277157.2
P62805	ENSG00000276966.3
P62805	ENSG00000276180.3
P62805	ENSG00000278637.3
P62805	ENSG00000275126.2
P62826	ENSG00000132341.12
P62937	ENSG00000196262.15
P62993	ENSG00000177885.15
P62995	ENSG00000136527.19
P63104	ENSG00000164924.18
P63162	ENSG00000128739.23
P63165	ENSG00000116030.17
P63241	ENSG00000132507.18
P63241	ENSG00000288145.1
P63244	ENSG00000204628.12
P63279	ENSG00000103275.22
P67809	ENSG00000065978.19
P68036	ENSG00000185651.16
P68104	ENSG00000156508.19
P68363	ENSG00000123416.15
P68371	ENSG00000188229.6
P78332	ENSG00000004534.15
P78344	ENSG00000110321.19
P78345	ENSG00000152464.15
P78346	ENSG00000148688.14
P78362	ENSG00000135250.17
P78406	ENSG00000101146.13
P78527	ENSG00000253729.9
P78563	ENSG00000197381.18
P79522	ENSG00000204576.12
P79522	ENSG00000206491.12
P79522	ENSG00000228186.10
P79522	ENSG00000229202.10
P79522	ENSG00000223766.10
P79522	ENSG00000233564.10
P79522	ENSG00000223887.10
P81605	ENSG00000161634.12
P82979	ENSG00000205323.9
P83369	ENSG00000155858.6
P84077	ENSG00000143761.17
P84090	ENSG00000100632.11
P84103	ENSG00000112081.18
P98175	ENSG00000182872.16
P98179	ENSG00000102317.18
Q00059	ENSG00000108064.11
Q00341	ENSG00000115677.18
Q00577	ENSG00000185129.8
Q00610	ENSG00000141367.14
Q00688	ENSG00000100442.11
Q00839	ENSG00000153187.21
Q00987	ENSG00000135679.27
Q01081	ENSG00000160201.12
Q01082	ENSG00000115306.17
Q01085	ENSG00000151923.18
Q01130	ENSG00000161547.17
Q01780	ENSG00000171824.14
Q01804	ENSG00000164164.17
Q01844	ENSG00000182944.18
Q01860	ENSG00000204531.21
Q01860	ENSG00000206454.12
Q01860	ENSG00000229094.9
Q01860	ENSG00000235068.9
Q01860	ENSG00000237582.10
Q01860	ENSG00000233911.9
Q01860	ENSG00000230336.9
Q02040	ENSG00000197976.12
Q02040	ENSG00000292343.1
Q02252	ENSG00000119711.13
Q02790	ENSG00000004478.8
Q02978	ENSG00000108528.14
Q03701	ENSG00000115816.15
Q03989	ENSG00000196843.18
Q04637	ENSG00000114867.22
Q04837	ENSG00000106028.11
Q04837	ENSG00000262771.5
Q05193	ENSG00000106976.22
Q05519	ENSG00000116754.14
Q05707	ENSG00000187955.13
Q05823	ENSG00000135828.11
Q06265	ENSG00000123737.13
Q06787	ENSG00000102081.16
Q06830	ENSG00000117450.15
Q06945	ENSG00000124766.7
Q07021	ENSG00000108561.8
Q07065	ENSG00000136026.14
Q07352	ENSG00000185650.10
Q07666	ENSG00000121774.18
Q07687	ENSG00000115844.11
Q07954	ENSG00000123384.14
Q07955	ENSG00000136450.13
Q08170	ENSG00000116350.18
Q08211	ENSG00000135829.17
Q08257	ENSG00000116791.14
Q08945	ENSG00000149136.9
Q08J23	ENSG00000037474.15
Q09161	ENSG00000136937.13
Q09472	ENSG00000100393.16
Q09666	ENSG00000124942.14
Q0WX57	ENSG00000228856.3
Q0WX57	ENSG00000232264.5
Q0WX57	ENSG00000231051.3
Q0WX57	ENSG00000230430.5
Q0WX57	ENSG00000229579.5
Q0WX57	ENSG00000231637.3
Q0WX57	ENSG00000235780.3
Q10570	ENSG00000071894.17
Q10570	ENSG00000285049.2
Q10589	ENSG00000130303.14
Q12788	ENSG00000183751.16
Q12788	ENSG00000291938.1
Q12849	ENSG00000132463.15
Q12872	ENSG00000061936.10
Q12873	ENSG00000170004.19
Q12874	ENSG00000183431.12
Q12904	ENSG00000164022.18
Q12905	ENSG00000143621.17
Q12906	ENSG00000129351.18
Q12931	ENSG00000126602.11
Q12972	ENSG00000117751.18
Q12986	ENSG00000086102.19
Q12996	ENSG00000176102.13
Q13049	ENSG00000119401.11
Q13064	ENSG00000179455.10
Q13117	ENSG00000205944.12
Q13148	ENSG00000120948.19
Q13151	ENSG00000177733.8
Q13206	ENSG00000178105.12
Q13242	ENSG00000111786.10
Q13243	ENSG00000100650.16
Q13247	ENSG00000124193.16
Q13263	ENSG00000130726.12
Q13283	ENSG00000145907.16
Q13310	ENSG00000090621.15
Q13325	ENSG00000152778.10
Q13347	ENSG00000084623.12
Q13363	ENSG00000159692.18
Q13395	ENSG00000059588.10
Q13425	ENSG00000168807.17
Q13427	ENSG00000138398.17
Q13428	ENSG00000070814.22
Q13435	ENSG00000087365.16
Q13523	ENSG00000112739.17
Q13573	ENSG00000100603.14
Q13595	ENSG00000164548.12
Q13601	ENSG00000111615.14
Q13686	ENSG00000100601.10
Q13769	ENSG00000100296.14
Q13823	ENSG00000134697.13
Q13825	ENSG00000148090.12
Q13835	ENSG00000081277.13
Q13838	ENSG00000215425.11
Q13838	ENSG00000198563.14
Q13838	ENSG00000225073.10
Q13838	ENSG00000225859.10
Q13838	ENSG00000229496.10
Q13838	ENSG00000235439.10
Q13838	ENSG00000230624.10
Q13868	ENSG00000130713.17
Q13901	ENSG00000197223.12
Q14004	ENSG00000065883.18
Q14011	ENSG00000099622.14
Q14103	ENSG00000138668.20
Q14137	ENSG00000261236.8
Q14147	ENSG00000134815.20
Q14149	ENSG00000159256.13
Q14151	ENSG00000130254.13
Q14152	ENSG00000107581.14
Q14157	ENSG00000143569.20
Q14204	ENSG00000197102.14
Q14240	ENSG00000156976.17
Q14258	ENSG00000121060.19
Q14296	ENSG00000164896.21
Q14320	ENSG00000071859.15
Q14331	ENSG00000109536.13
Q14331	ENSG00000275145.3
Q14331	ENSG00000283153.2
Q14331	ENSG00000283630.3
Q14444	ENSG00000135387.21
Q14451	ENSG00000141738.14
Q14493	ENSG00000163950.13
Q14498	ENSG00000131051.24
Q14527	ENSG00000071794.16
Q14562	ENSG00000067596.12
Q14671	ENSG00000134644.16
Q14683	ENSG00000072501.19
Q14690	ENSG00000148843.15
Q14692	ENSG00000165733.8
Q14694	ENSG00000103194.16
Q14697	ENSG00000089597.18
Q14699	ENSG00000131378.14
Q14739	ENSG00000143815.15
Q14789	ENSG00000173230.17
Q14966	ENSG00000075292.20
Q14974	ENSG00000108424.11
Q14978	ENSG00000166197.17
Q14CZ7	ENSG00000124279.12
Q15020	ENSG00000075856.12
Q15022	ENSG00000178691.12
Q15024	ENSG00000075914.13
Q15029	ENSG00000108883.13
Q15046	ENSG00000065427.15
Q15050	ENSG00000179041.4
Q15056	ENSG00000106682.16
Q15059	ENSG00000169925.17
Q15061	ENSG00000163811.12
Q15109	ENSG00000204305.16
Q15109	ENSG00000206320.12
Q15109	ENSG00000229058.10
Q15109	ENSG00000230514.11
Q15109	ENSG00000231268.9
Q15109	ENSG00000237405.10
Q15109	ENSG00000234729.9
Q15149	ENSG00000178209.17
Q15233	ENSG00000147140.17
Q15269	ENSG00000241945.8
Q15287	ENSG00000205937.12
Q15365	ENSG00000169564.7
Q15366	ENSG00000197111.16
Q15393	ENSG00000189091.13
Q15397	ENSG00000080608.10
Q15415	ENSG00000226941.9
Q15415	ENSG00000169800.14
Q15424	ENSG00000160633.13
Q15427	ENSG00000143368.10
Q15428	ENSG00000104897.10
Q15459	ENSG00000099995.19
Q15477	ENSG00000204351.13
Q15477	ENSG00000206353.11
Q15477	ENSG00000232616.9
Q15477	ENSG00000228896.9
Q15477	ENSG00000223493.9
Q15477	ENSG00000225737.9
Q15631	ENSG00000211460.12
Q15633	ENSG00000139546.12
Q15637	ENSG00000168066.22
Q15646	ENSG00000135114.14
Q15654	ENSG00000087077.14
Q15691	ENSG00000101367.9
Q15696	ENSG00000169249.14
Q15717	ENSG00000066044.15
Q15797	ENSG00000170365.10
Q15910	ENSG00000106462.12
Q15942	ENSG00000159840.16
Q15942	ENSG00000285443.2
Q16206	ENSG00000165675.20
Q16513	ENSG00000065243.20
Q16560	ENSG00000184209.15
Q16576	ENSG00000102054.18
Q16587	ENSG00000185252.19
Q16600	ENSG00000196793.14
Q16629	ENSG00000115875.19
Q16630	ENSG00000111605.18
Q16637	ENSG00000172062.17
Q16637	ENSG00000205571.15
Q16637	ENSG00000277773.4
Q16637	ENSG00000273772.4
Q16637	ENSG00000275349.4
Q16658	ENSG00000075618.18
Q16666	ENSG00000163565.20
Q16762	ENSG00000128311.14
Q16891	ENSG00000132305.22
Q17RY0	ENSG00000113742.14
Q2Q1W2	ENSG00000206557.6
Q2Q1W2	ENSG00000291501.1
Q2VPK5	ENSG00000174177.13
Q32MZ4	ENSG00000124831.20
Q3MHD2	ENSG00000161654.10
Q3MIT2	ENSG00000162927.15
Q3ZCQ8	ENSG00000105197.11
Q4G0J3	ENSG00000174720.18
Q4VXU2	ENSG00000101104.13
Q52LJ0	ENSG00000171262.11
Q53EL6	ENSG00000150593.18
Q53EP0	ENSG00000075420.13
Q53F19	ENSG00000074356.17
Q53H82	ENSG00000147592.9
Q53HI1	ENSG00000115446.12
Q53R41	ENSG00000138399.18
Q587J8	ENSG00000203908.4
Q58A45	ENSG00000152520.14
Q5BKZ1	ENSG00000162664.17
Q5C9Z4	ENSG00000146909.8
Q5D0E6	ENSG00000178149.17
Q5D1E8	ENSG00000163874.11
Q5F1R6	ENSG00000168724.18
Q5HYJ3	ENSG00000077458.13
Q5JPH6	ENSG00000103356.18
Q5JSZ5	ENSG00000288701.1
Q5JTJ3	ENSG00000168275.16
Q5JTZ9	ENSG00000124608.5
Q5JVF3	ENSG00000126226.22
Q5JVS0	ENSG00000130956.14
Q5PRF9	ENSG00000179134.16
Q5QJE6	ENSG00000067334.14
Q5RKV6	ENSG00000223496.3
Q5RL73	ENSG00000127993.16
Q5SY16	ENSG00000162408.11
Q5SZQ8	ENSG00000159409.15
Q5T160	ENSG00000146282.19
Q5T1V6	ENSG00000118197.14
Q5T200	ENSG00000123200.17
Q5T280	ENSG00000198917.13
Q5T440	ENSG00000181873.13
Q5T481	ENSG00000203867.9
Q5T6F2	ENSG00000137073.24
Q5T8I9	ENSG00000162639.16
Q5TAX3	ENSG00000134744.14
Q5TC82	ENSG00000135870.13
Q5U5Q3	ENSG00000176624.12
Q5VTR2	ENSG00000155827.12
Q5VV67	ENSG00000148840.11
Q5VWP2	ENSG00000183508.5
Q5VWX1	ENSG00000112232.11
Q5VYS8	ENSG00000083223.18
Q5VZF2	ENSG00000139793.21
Q659C4	ENSG00000138709.20
Q66PJ3	ENSG00000182196.14
Q68CQ4	ENSG00000117597.18
Q68D06	ENSG00000154760.14
Q69YN4	ENSG00000164944.12
Q6I9Y2	ENSG00000163634.12
Q6IBS0	ENSG00000247596.10
Q6IMN6	ENSG00000110888.19
Q6IN84	ENSG00000274853.2
Q6IN84	ENSG00000278619.5
Q6IQ49	ENSG00000143751.10
Q6NSI4	ENSG00000147231.14
Q6NTF7	ENSG00000100298.16
Q6NWY9	ENSG00000110844.14
Q6NXG1	ENSG00000104413.18
Q6NYC1	ENSG00000070495.15
Q6NZI2	ENSG00000177469.13
Q6NZY4	ENSG00000033030.16
Q6P087	ENSG00000156990.14
Q6P158	ENSG00000163214.21
Q6P2Q9	ENSG00000174231.18
Q6P2Q9	ENSG00000274442.2
Q6P6C2	ENSG00000091542.9
Q6PF06	ENSG00000165275.10
Q6PI48	ENSG00000117593.12
Q6PJT7	ENSG00000100722.20
Q6PKG0	ENSG00000155506.19
Q6UN15	ENSG00000145216.17
Q6UXG2	ENSG00000116299.17
Q6UXN9	ENSG00000164091.12
Q6XE24	ENSG00000144642.22
Q6Y7W6	ENSG00000204120.16
Q6YP21	ENSG00000137944.18
Q6ZMI0	ENSG00000162869.16
Q6ZN04	ENSG00000183496.6
Q6ZN17	ENSG00000187772.8
Q6ZRY4	ENSG00000166831.9
Q6ZU64	ENSG00000181378.14
Q702N8	ENSG00000168334.9
Q71RC2	ENSG00000161813.23
Q76FK4	ENSG00000198000.12
Q76FK4	ENSG00000291347.1
Q7KZ85	ENSG00000109111.15
Q7KZF4	ENSG00000197157.11
Q7KZI7	ENSG00000072518.23
Q7L014	ENSG00000145833.16
Q7L0Y3	ENSG00000174173.7
Q7L1Q6	ENSG00000082153.18
Q7L2E3	ENSG00000132153.15
Q7L2J0	ENSG00000146834.16
Q7L4I2	ENSG00000111011.18
Q7L576	ENSG00000273749.5
Q7L576	ENSG00000288461.1
Q7L7V1	ENSG00000089876.12
Q7L8L6	ENSG00000215251.5
Q7LC44	ENSG00000198576.4
Q7RTV0	ENSG00000100410.8
Q7Z2E3	ENSG00000137074.20
Q7Z2T5	ENSG00000121486.12
Q7Z2W4	ENSG00000105939.14
Q7Z333	ENSG00000107290.14
Q7Z3Z4	ENSG00000134627.12
Q7Z417	ENSG00000108256.9
Q7Z478	ENSG00000067248.11
Q7Z4G4	ENSG00000066651.20
Q7Z5Q1	ENSG00000137449.17
Q7Z5W3	ENSG00000186666.6
Q7Z6E9	ENSG00000122257.20
Q7Z6Z7	ENSG00000086758.17
Q7Z739	ENSG00000185728.17
Q7Z7A3	ENSG00000142544.7
Q7Z7F0	ENSG00000132680.11
Q7Z7L1	ENSG00000172716.17
Q86SE5	ENSG00000184672.12
Q86SE8	ENSG00000158806.14
Q86SG3	ENSG00000205916.12
Q86TB9	ENSG00000166889.14
Q86TG7	ENSG00000242265.6
Q86TM3	ENSG00000184735.7
Q86U06	ENSG00000100461.18
Q86U42	ENSG00000100836.11
Q86U44	ENSG00000165819.12
Q86U90	ENSG00000196449.4
Q86UE4	ENSG00000147649.10
Q86UP2	ENSG00000126777.18
Q86UR5	ENSG00000079841.20
Q86US8	ENSG00000070366.14
Q86VM9	ENSG00000158545.16
Q86W42	ENSG00000131652.14
Q86W50	ENSG00000127804.13
Q86WP2	ENSG00000062194.16
Q86WS4	ENSG00000180116.15
Q86WX3	ENSG00000187051.9
Q86XF0	ENSG00000178700.9
Q86XN8	ENSG00000181588.17
Q86XP3	ENSG00000198231.14
Q86Y13	ENSG00000198919.13
Q86YN6	ENSG00000155846.17
Q8IU60	ENSG00000172795.17
Q8IUH3	ENSG00000155636.16
Q8IUX4	ENSG00000128394.17
Q8IV48	ENSG00000104626.15
Q8IVS2	ENSG00000100294.13
Q8IWA0	ENSG00000115368.10
Q8IWS0	ENSG00000156531.18
Q8IWX8	ENSG00000085872.15
Q8IWZ3	ENSG00000131503.21
Q8IWZ8	ENSG00000105705.16
Q8IX01	ENSG00000064607.17
Q8IX12	ENSG00000060339.14
Q8IXH7	ENSG00000101158.15
Q8IY21	ENSG00000137628.18
Q8IY37	ENSG00000150990.9
Q8IYB3	ENSG00000133226.19
Q8IYB7	ENSG00000144535.20
Q8IYB8	ENSG00000156502.14
Q8IYD1	ENSG00000189369.9
Q8IYX4	ENSG00000256453.2
Q8IZ69	ENSG00000099899.16
Q8IZD4	ENSG00000151065.14
Q8IZD4	ENSG00000284850.2
Q8IZH2	ENSG00000114127.11
Q8IZL8	ENSG00000141456.16
Q8N163	ENSG00000158941.17
Q8N1W1	ENSG00000214944.10
Q8N3C0	ENSG00000112249.14
Q8N3Z6	ENSG00000147905.18
Q8N5F7	ENSG00000101882.10
Q8N5K1	ENSG00000145354.12
Q8N5P1	ENSG00000144161.14
Q8N684	ENSG00000149532.16
Q8N6T7	ENSG00000077463.15
Q8N6W0	ENSG00000161082.13
Q8N8Q3	ENSG00000173818.17
Q8N9N2	ENSG00000138303.19
Q8N9N8	ENSG00000175376.9
Q8N9W6	ENSG00000152430.19
Q8NA58	ENSG00000146453.13
Q8NA77	ENSG00000182459.5
Q8NAV1	ENSG00000134748.13
Q8NBJ9	ENSG00000149577.17
Q8NBP7	ENSG00000169174.13
Q8NC51	ENSG00000142864.15
Q8NC60	ENSG00000084092.7
Q8NCA5	ENSG00000119812.20
Q8ND56	ENSG00000257103.9
Q8ND56	ENSG00000262860.5
Q8NDD1	ENSG00000143633.13
Q8NDF8	ENSG00000121274.14
Q8NDG6	ENSG00000156414.20
Q8NDT2	ENSG00000259956.2
Q8NDV7	ENSG00000090905.19
Q8NE35	ENSG00000107864.15
Q8NE71	ENSG00000204574.14
Q8NE71	ENSG00000206490.11
Q8NE71	ENSG00000236342.8
Q8NE71	ENSG00000232169.9
Q8NE71	ENSG00000225989.9
Q8NE71	ENSG00000231129.8
Q8NE71	ENSG00000236149.9
Q8NEJ9	ENSG00000129460.17
Q8NEY8	ENSG00000134283.18
Q8NEZ4	ENSG00000055609.21
Q8NF91	ENSG00000131018.25
Q8NG50	ENSG00000276432.4
Q8NG50	ENSG00000278023.7
Q8NHM5	ENSG00000089094.21
Q8NHQ9	ENSG00000111364.16
Q8NHU6	ENSG00000196116.8
Q8NI27	ENSG00000125676.20
Q8TA86	ENSG00000164610.10
Q8TAD8	ENSG00000163877.11
Q8TAS1	ENSG00000152332.16
Q8TB72	ENSG00000055917.17
Q8TBY0	ENSG00000151962.8
Q8TBZ6	ENSG00000145331.14
Q8TC59	ENSG00000197181.12
Q8TC92	ENSG00000120658.14
Q8TCS8	ENSG00000138035.15
Q8TDD1	ENSG00000123064.13
Q8TEA1	ENSG00000241058.4
Q8TEA8	ENSG00000125821.13
Q8TED0	ENSG00000164338.10
Q8TEQ6	ENSG00000082516.9
Q8TF01	ENSG00000132424.17
Q8TF46	ENSG00000166938.13
Q8WTT2	ENSG00000173145.11
Q8WU68	ENSG00000161265.15
Q8WU90	ENSG00000065548.19
Q8WUQ7	ENSG00000105298.14
Q8WVM0	ENSG00000029639.11
Q8WVV9	ENSG00000143889.16
Q8WWH5	ENSG00000165832.6
Q8WWM7	ENSG00000168488.19
Q8WWY3	ENSG00000105618.14
Q8WWY3	ENSG00000277154.4
Q8WWY3	ENSG00000276421.4
Q8WWY3	ENSG00000275885.4
Q8WWY3	ENSG00000274651.4
Q8WWY3	ENSG00000274144.4
Q8WWY3	ENSG00000274894.4
Q8WWY3	ENSG00000277953.4
Q8WWY3	ENSG00000275117.4
Q8WWY3	ENSG00000277707.4
Q8WX92	ENSG00000188986.9
Q8WXA9	ENSG00000153914.16
Q8WXD2	ENSG00000104112.9
Q8WXD5	ENSG00000152147.11
Q8WXF0	ENSG00000154548.10
Q8WXF1	ENSG00000121390.19
Q8WY41	ENSG00000188613.7
Q8WYQ5	ENSG00000128191.17
Q92499	ENSG00000079785.16
Q92522	ENSG00000184897.7
Q92540	ENSG00000116698.22
Q92541	ENSG00000137815.15
Q92552	ENSG00000113048.19
Q92614	ENSG00000196535.20
Q92615	ENSG00000107929.16
Q92616	ENSG00000089154.11
Q92620	ENSG00000140829.12
Q92667	ENSG00000121057.13
Q92769	ENSG00000196591.12
Q92804	ENSG00000270647.7
Q92804	ENSG00000276833.2
Q92834	ENSG00000156313.15
Q92841	ENSG00000100201.23
Q92879	ENSG00000149187.19
Q92888	ENSG00000076928.20
Q92900	ENSG00000005007.14
Q92904	ENSG00000092345.14
Q92917	ENSG00000068394.11
Q92917	ENSG00000292204.1
Q92945	ENSG00000088247.19
Q92973	ENSG00000083312.19
Q92979	ENSG00000126749.17
Q93062	ENSG00000157110.16
Q969G3	ENSG00000073584.20
Q969H6	ENSG00000167272.11
Q969L4	ENSG00000181817.6
Q969S3	ENSG00000173545.5
Q969X6	ENSG00000141076.18
Q969X6	ENSG00000262788.3
Q969Z0	ENSG00000136270.14
Q96A33	ENSG00000108588.15
Q96A72	ENSG00000111196.11
Q96AE4	ENSG00000162613.18
Q96AG4	ENSG00000108829.10
Q96AH0	ENSG00000173559.15
Q96AK3	ENSG00000243811.12
Q96AZ6	ENSG00000172183.16
Q96B01	ENSG00000111247.15
Q96B26	ENSG00000120699.14
Q96BK5	ENSG00000254093.9
Q96BK5	ENSG00000284764.2
Q96BP2	ENSG00000172586.8
Q96BT7	ENSG00000137760.15
Q96C10	ENSG00000108771.13
Q96C86	ENSG00000110063.10
Q96CM3	ENSG00000165526.9
Q96CT7	ENSG00000007080.11
Q96D46	ENSG00000169251.13
Q96DE0	ENSG00000198585.12
Q96DH6	ENSG00000153944.12
Q96DI7	ENSG00000060688.13
Q96EP5	ENSG00000071626.17
Q96EU6	ENSG00000124541.7
Q96EV2	ENSG00000184863.11
Q96EY7	ENSG00000132300.19
Q96EZ8	ENSG00000187778.14
Q96F86	ENSG00000179151.13
Q96FC9	ENSG00000013573.17
Q96FQ6	ENSG00000188643.11
Q96FV9	ENSG00000079134.13
Q96G21	ENSG00000136718.10
Q96G46	ENSG00000141994.16
Q96GM8	ENSG00000132773.12
Q96HR8	ENSG00000145414.9
Q96I24	ENSG00000107164.17
Q96I25	ENSG00000134453.16
Q96I51	ENSG00000274523.5
Q96IP4	ENSG00000112773.16
Q96IZ5	ENSG00000089682.18
Q96J01	ENSG00000051596.10
Q96J87	ENSG00000140488.16
Q96J94	ENSG00000125207.7
Q96J94	ENSG00000275051.2
Q96K80	ENSG00000135482.7
Q96LT9	ENSG00000185946.16
Q96MH2	ENSG00000168517.11
Q96MU7	ENSG00000083896.13
Q96MU7	ENSG00000275272.4
Q96N16	ENSG00000152969.21
Q96P11	ENSG00000130305.17
Q96PK6	ENSG00000239306.5
Q96PM9	ENSG00000161642.18
Q96PU8	ENSG00000112531.17
Q96PZ0	ENSG00000091127.14
Q96Q11	ENSG00000072756.18
Q96Q15	ENSG00000157106.18
Q96QC0	ENSG00000204569.10
Q96QC0	ENSG00000206489.9
Q96QC0	ENSG00000230995.7
Q96QC0	ENSG00000231737.7
Q96QC0	ENSG00000235291.7
Q96QC0	ENSG00000238104.7
Q96QC0	ENSG00000227804.7
Q96QD9	ENSG00000122068.13
Q96QE5	ENSG00000172171.11
Q96QR8	ENSG00000146676.10
Q96RP9	ENSG00000168827.15
Q96SB4	ENSG00000096063.16
Q96SI9	ENSG00000165209.19
Q96ST3	ENSG00000169375.17
Q96T21	ENSG00000187742.15
Q96T37	ENSG00000162775.17
Q96T58	ENSG00000065526.13
Q99459	ENSG00000096401.8
Q99497	ENSG00000116288.13
Q99502	ENSG00000104313.20
Q99543	ENSG00000105821.15
Q99547	ENSG00000135698.10
Q99551	ENSG00000127989.14
Q99575	ENSG00000104356.11
Q99590	ENSG00000139218.18
Q99598	ENSG00000116918.15
Q99613	ENSG00000184110.15
Q99700	ENSG00000204842.18
Q99714	ENSG00000072506.14
Q99728	ENSG00000138376.11
Q99729	ENSG00000197451.12
Q99733	ENSG00000205531.14
Q99733	ENSG00000273562.4
Q99848	ENSG00000117395.13
Q99873	ENSG00000126457.22
Q99973	ENSG00000129566.13
Q99973	ENSG00000291791.1
Q9BPZ3	ENSG00000120727.13
Q9BQ04	ENSG00000173914.12
Q9BQ39	ENSG00000107625.14
Q9BQ52	ENSG00000006744.19
Q9BQ61	ENSG00000123144.11
Q9BQ67	ENSG00000105447.13
Q9BQG0	ENSG00000132382.15
Q9BRA0	ENSG00000183011.14
Q9BRD0	ENSG00000137656.12
Q9BRJ7	ENSG00000168101.15
Q9BRL6	ENSG00000263465.5
Q9BRP8	ENSG00000170473.17
Q9BRS8	ENSG00000166173.11
Q9BRU9	ENSG00000147679.12
Q9BRZ2	ENSG00000169871.13
Q9BSD7	ENSG00000135778.12
Q9BSH4	ENSG00000136463.9
Q9BTC0	ENSG00000101191.17
Q9BTD8	ENSG00000126254.12
Q9BTF0	ENSG00000138050.15
Q9BTL3	ENSG00000169612.4
Q9BU76	ENSG00000143793.13
Q9BUB4	ENSG00000065457.11
Q9BUJ2	ENSG00000105323.18
Q9BUL9	ENSG00000178718.7
Q9BUQ8	ENSG00000174243.11
Q9BUR4	ENSG00000141499.18
Q9BV44	ENSG00000134077.16
Q9BVJ6	ENSG00000156697.13
Q9BVP2	ENSG00000163938.17
Q9BWE0	ENSG00000214022.12
Q9BWF3	ENSG00000173933.21
Q9BWJ5	ENSG00000169976.7
Q9BWT3	ENSG00000115421.13
Q9BWU0	ENSG00000163798.14
Q9BX10	ENSG00000172432.19
Q9BX40	ENSG00000149657.20
Q9BX46	ENSG00000112183.15
Q9BXJ9	ENSG00000164134.14
Q9BXP5	ENSG00000087087.20
Q9BXS6	ENSG00000137804.14
Q9BXT6	ENSG00000073146.17
Q9BY44	ENSG00000144895.12
Q9BY77	ENSG00000100227.19
Q9BYG3	ENSG00000155438.12
Q9BYJ9	ENSG00000149658.18
Q9BYK8	ENSG00000130589.16
Q9BYX4	ENSG00000115267.10
Q9BZB8	ENSG00000214575.10
Q9BZB8	ENSG00000277445.4
Q9BZC1	ENSG00000101489.20
Q9BZE2	ENSG00000110060.9
Q9BZE4	ENSG00000107937.19
Q9BZI7	ENSG00000125351.14
Q9BZJ0	ENSG00000101343.15
Q9BZZ5	ENSG00000166181.13
Q9C000	ENSG00000091592.17
Q9C0B0	ENSG00000132478.10
Q9C0C9	ENSG00000175931.13
Q9C0J8	ENSG00000136709.12
Q9GZR2	ENSG00000148300.12
Q9GZR2	ENSG00000280706.3
Q9GZR7	ENSG00000273761.5
Q9GZR7	ENSG00000089737.19
Q9GZT3	ENSG00000119705.10
Q9GZV4	ENSG00000163577.8
Q9GZV8	ENSG00000147596.4
Q9GZX7	ENSG00000111732.12
Q9GZY0	ENSG00000269437.8
Q9GZY0	ENSG00000269405.7
Q9H000	ENSG00000075975.17
Q9H074	ENSG00000172239.14
Q9H0A0	ENSG00000135372.10
Q9H0D6	ENSG00000088930.8
Q9H0G5	ENSG00000126653.18
Q9H0J9	ENSG00000059378.13
Q9H0K6	ENSG00000129317.15
Q9H0L4	ENSG00000177613.9
Q9H0S4	ENSG00000213782.7
Q9H0Z9	ENSG00000132819.17
Q9H171	ENSG00000124256.15
Q9H1E3	ENSG00000069275.13
Q9H1J1	ENSG00000169062.15
Q9H2U1	ENSG00000174953.14
Q9H2Y7	ENSG00000103994.18
Q9H307	ENSG00000100941.9
Q9H361	ENSG00000151846.9
Q9H3H3	ENSG00000175573.7
Q9H3J6	ENSG00000130921.9
Q9H3Q1	ENSG00000179604.10
Q9H4D5	ENSG00000147206.17
Q9H583	ENSG00000119285.11
Q9H5H4	ENSG00000169957.10
Q9H5Q4	ENSG00000162851.8
Q9H5Z1	ENSG00000101452.15
Q9H633	ENSG00000239927.6
Q9H633	ENSG00000241863.6
Q9H633	ENSG00000243009.6
Q9H633	ENSG00000241779.6
Q9H633	ENSG00000241370.6
Q9H633	ENSG00000242726.6
Q9H633	ENSG00000239865.6
Q9H694	ENSG00000122870.12
Q9H6E5	ENSG00000149016.16
Q9H6F5	ENSG00000110104.13
Q9H6R0	ENSG00000005100.13
Q9H6R4	ENSG00000165271.17
Q9H6S0	ENSG00000047188.16
Q9H6T0	ENSG00000103067.14
Q9H7B2	ENSG00000197498.13
Q9H7E2	ENSG00000083544.16
Q9H7N4	ENSG00000126461.15
Q9H814	ENSG00000164902.14
Q9H840	ENSG00000142252.11
Q9H875	ENSG00000128563.13
Q9H8H0	ENSG00000130935.10
Q9H8H2	ENSG00000125485.18
Q9H974	ENSG00000151576.10
Q9H9G7	ENSG00000126070.20
Q9H9T3	ENSG00000134014.18
Q9H9Z2	ENSG00000131914.11
Q9HA38	ENSG00000172667.11
Q9HAU5	ENSG00000151461.20
Q9HAV4	ENSG00000124571.18
Q9HBD1	ENSG00000056586.16
Q9HBL0	ENSG00000079308.21
Q9HC16	ENSG00000239713.9
Q9HC36	ENSG00000171861.11
Q9HC52	ENSG00000141570.11
Q9HCD5	ENSG00000124160.12
Q9HCE1	ENSG00000155363.19
Q9HCE5	ENSG00000145388.15
Q9HCG8	ENSG00000163510.14
Q9HCJ0	ENSG00000078687.18
Q9HCK5	ENSG00000134698.11
Q9HD15	ENSG00000213523.12
Q9HD40	ENSG00000109618.13
Q9NNW5	ENSG00000178252.19
Q9NP64	ENSG00000121766.16
Q9NP81	ENSG00000104835.15
Q9NP81	ENSG00000283104.3
Q9NPD3	ENSG00000178896.9
Q9NPE2	ENSG00000182768.9
Q9NPE3	ENSG00000182117.7
Q9NPE3	ENSG00000291996.1
Q9NPI6	ENSG00000272886.6
Q9NQ29	ENSG00000007392.17
Q9NQ55	ENSG00000130810.20
Q9NQ94	ENSG00000148584.16
Q9NQC3	ENSG00000115310.19
Q9NQI0	ENSG00000152670.19
Q9NQT4	ENSG00000077348.10
Q9NQT5	ENSG00000107371.14
Q9NQZ2	ENSG00000132467.4
Q9NQZ3	ENSG00000188120.16
Q9NR30	ENSG00000165732.14
Q9NR56	ENSG00000152601.18
Q9NR90	ENSG00000187191.16
Q9NR96	ENSG00000239732.4
Q9NR97	ENSG00000101916.12
Q9NRA8	ENSG00000184708.18
Q9NRR4	ENSG00000113360.17
Q9NRW3	ENSG00000244509.4
Q9NRX1	ENSG00000115946.8
Q9NS39	ENSG00000185736.16
Q9NSD9	ENSG00000116120.11
Q9NSE4	ENSG00000067704.10
Q9NSI8	ENSG00000155307.19
Q9NUD5	ENSG00000247315.4
Q9NUK0	ENSG00000076770.16
Q9NUL3	ENSG00000040341.18
Q9NUL5	ENSG00000130813.18
Q9NUL7	ENSG00000182810.7
Q9NUU7	ENSG00000168872.17
Q9NV06	ENSG00000164934.15
Q9NV31	ENSG00000177971.9
Q9NVN8	ENSG00000130119.17
Q9NVP1	ENSG00000088205.13
Q9NVV4	ENSG00000107951.15
Q9NW13	ENSG00000106344.8
Q9NW64	ENSG00000086589.12
Q9NWB1	ENSG00000078328.23
Q9NWB6	ENSG00000134884.15
Q9NWH9	ENSG00000137776.17
Q9NWX6	ENSG00000113272.14
Q9NX07	ENSG00000180098.9
Q9NX24	ENSG00000145912.10
Q9NX58	ENSG00000145220.14
Q9NX74	ENSG00000167264.18
Q9NXG2	ENSG00000066654.14
Q9NXH9	ENSG00000104907.13
Q9NXV6	ENSG00000168564.6
Q9NXZ2	ENSG00000080007.8
Q9NY12	ENSG00000109534.17
Q9NY61	ENSG00000275700.6
Q9NY61	ENSG00000276072.2
Q9NY93	ENSG00000136271.11
Q9NYF8	ENSG00000029363.17
Q9NYH9	ENSG00000108651.10
Q9NYK1	ENSG00000196664.5
Q9NYL2	ENSG00000091436.17
Q9NYY8	ENSG00000118246.14
Q9NZ63	ENSG00000136819.15
Q9NZB2	ENSG00000048828.18
Q9NZI8	ENSG00000159217.10
Q9NZJ9	ENSG00000173598.14
Q9NZM5	ENSG00000105373.19
Q9P013	ENSG00000150316.12
Q9P0P8	ENSG00000130349.10
Q9P127	ENSG00000102021.11
Q9P258	ENSG00000179051.14
Q9P258	ENSG00000281540.3
Q9P272	ENSG00000250305.9
Q9P272	ENSG00000284872.2
Q9P275	ENSG00000055483.20
Q9P287	ENSG00000107949.17
Q9P2E3	ENSG00000124201.15
Q9P2E9	ENSG00000125844.17
Q9P2I0	ENSG00000165934.13
Q9P2K5	ENSG00000104177.20
Q9P2K8	ENSG00000128829.12
Q9UBB5	ENSG00000134046.12
Q9UBK2	ENSG00000109819.9
Q9UBP6	ENSG00000037897.17
Q9UBQ5	ENSG00000178982.10
Q9UBQ5	ENSG00000282986.2
Q9UBU9	ENSG00000162231.14
Q9UBV8	ENSG00000162517.13
Q9UFF9	ENSG00000155508.14
Q9UGI8	ENSG00000135269.18
Q9UGP8	ENSG00000025796.14
Q9UGR2	ENSG00000100403.12
Q9UGU0	ENSG00000100207.21
Q9UGU0	ENSG00000262024.6
Q9UGU0	ENSG00000276461.4
Q9UGY1	ENSG00000273899.5
Q9UH17	ENSG00000179750.16
Q9UHB9	ENSG00000167881.15
Q9UHC7	ENSG00000133606.11
Q9UHI6	ENSG00000064703.13
Q9UHK0	ENSG00000083635.8
Q9UHL0	ENSG00000109832.14
Q9UHX1	ENSG00000179950.15
Q9UI17	ENSG00000132837.15
Q9UIF9	ENSG00000076108.12
Q9UII4	ENSG00000138646.9
Q9UIV1	ENSG00000198791.12
Q9UJA5	ENSG00000089195.15
Q9UJV9	ENSG00000183258.12
Q9UK39	ENSG00000151014.6
Q9UK45	ENSG00000130332.15
Q9UK59	ENSG00000138231.14
Q9UK61	ENSG00000163946.14
Q9UKA8	ENSG00000117602.13
Q9UKA9	ENSG00000117569.20
Q9UKF6	ENSG00000119203.14
Q9UKK9	ENSG00000165609.14
Q9UKM9	ENSG00000125970.12
Q9UKV3	ENSG00000100813.15
Q9UKV8	ENSG00000123908.12
Q9UL18	ENSG00000092847.14
Q9UL40	ENSG00000113761.12
Q9ULC4	ENSG00000232119.8
Q9ULM6	ENSG00000113300.13
Q9ULR0	ENSG00000240682.10
Q9ULW3	ENSG00000146109.5
Q9ULW3	ENSG00000292169.1
Q9ULX6	ENSG00000011243.19
Q9UMR2	ENSG00000157349.17
Q9UMY1	ENSG00000225921.7
Q9UN86	ENSG00000138757.15
Q9UNP9	ENSG00000084072.17
Q9UNQ2	ENSG00000086189.11
Q9UNW9	ENSG00000104967.8
Q9UNX4	ENSG00000065183.16
Q9UPN3	ENSG00000127603.32
Q9UPN6	ENSG00000213079.10
Q9UPQ9	ENSG00000100354.22
Q9UPR3	ENSG00000198952.8
Q9UPS6	ENSG00000139718.12
Q9UPT8	ENSG00000130749.10
Q9UPU9	ENSG00000020577.14
Q9UPY3	ENSG00000100697.17
Q9UQ35	ENSG00000167978.19
Q9UQ80	ENSG00000170515.14
Q9Y221	ENSG00000132603.15
Q9Y224	ENSG00000087302.9
Q9Y235	ENSG00000124701.6
Q9Y237	ENSG00000102309.15
Q9Y262	ENSG00000100129.18
Q9Y285	ENSG00000179115.11
Q9Y2H6	ENSG00000102531.16
Q9Y2K5	ENSG00000179912.21
Q9Y2L1	ENSG00000083520.15
Q9Y2R4	ENSG00000277594.2
Q9Y2R4	ENSG00000278053.5
Q9Y2T7	ENSG00000006047.13
Q9Y2T7	ENSG00000288504.1
Q9Y2V2	ENSG00000153048.11
Q9Y2W1	ENSG00000054118.15
Q9Y2W2	ENSG00000084463.8
Q9Y2W6	ENSG00000182134.17
Q9Y2X3	ENSG00000055044.11
Q9Y2Z0	ENSG00000165416.15
Q9Y2Z2	ENSG00000135297.17
Q9Y2Z4	ENSG00000139131.13
Q9Y314	ENSG00000142546.14
Q9Y324	ENSG00000119616.11
Q9Y333	ENSG00000204392.11
Q9Y333	ENSG00000172850.11
Q9Y333	ENSG00000231502.6
Q9Y333	ENSG00000224979.6
Q9Y333	ENSG00000225998.6
Q9Y333	ENSG00000236826.7
Q9Y383	ENSG00000146963.18
Q9Y388	ENSG00000134597.17
Q9Y3A2	ENSG00000183520.12
Q9Y3A4	ENSG00000189306.12
Q9Y3A5	ENSG00000126524.12
Q9Y3B2	ENSG00000171311.13
Q9Y3B4	ENSG00000115128.7
Q9Y3F4	ENSG00000023734.11
Q9Y3I0	ENSG00000100220.12
Q9Y3T9	ENSG00000188976.11
Q9Y3Y2	ENSG00000160679.14
Q9Y3Z3	ENSG00000101347.11
Q9Y446	ENSG00000184363.10
Q9Y4B5	ENSG00000168502.18
Q9Y4C8	ENSG00000122965.11
Q9Y4F3	ENSG00000166783.22
Q9Y4F3	ENSG00000277140.2
Q9Y4I1	ENSG00000197535.16
Q9Y4P3	ENSG00000106638.18
Q9Y4W2	ENSG00000001497.18
Q9Y4Y9	ENSG00000106355.10
Q9Y4Z0	ENSG00000130520.11
Q9Y520	ENSG00000117523.18
Q9Y570	ENSG00000214517.10
Q9Y580	ENSG00000076053.12
Q9Y5A9	ENSG00000198492.16
Q9Y5B9	ENSG00000092201.10
Q9Y5J1	ENSG00000011260.14
Q9Y5K5	ENSG00000116750.14
Q9Y5S9	ENSG00000265241.8
Q9Y606	ENSG00000177192.14
Q9Y623	ENSG00000264424.1
Q9Y6A4	ENSG00000070761.8
Q9Y6G9	ENSG00000144635.9
Q9Y6K1	ENSG00000119772.19
Q9Y6K5	ENSG00000111331.14
Q9Y6M1	ENSG00000073792.16
Q9Y6V7	ENSG00000105671.12
Q9Y6Y8	ENSG00000107651.15
A0A024RBG1	ENSG00000177144.8
A0A087WVL8	ENSG00000102081.16
A0A087WXI3	ENSG00000102081.16
A0A087WY29	ENSG00000102081.16
A0A0C4DFZ9	ENSG00000152520.14
A0A6Q8PF33	ENSG00000090861.17
A0A6Q8PFY2	ENSG00000090861.17
A0A6Q8PGB5	ENSG00000090861.17
A0A6Q8PGE8	ENSG00000090861.17
A0A6Q8PGN5	ENSG00000090861.17
A0A6Q8PGR9	ENSG00000090861.17
A0A6Q8PGT6	ENSG00000132740.10
A0A8I5KNN2	ENSG00000165732.14
A0A8I5KS01	ENSG00000102081.16
A0A8I5KT56	ENSG00000102081.16
A0A8I5KTZ9	ENSG00000102081.16
A0A8I5KZ21	ENSG00000102081.16
A0A8Q3WKT3	ENSG00000100320.24
A1L020	ENSG00000254726.3
A6NDY0	ENSG00000205022.9
A6NEQ0	ENSG00000242389.9
A6NFN3	ENSG00000167281.20
A8MQB8	ENSG00000102081.16
B2RXH8	ENSG00000275774.3
B2RXH8	ENSG00000283370.2
B2RXH8	ENSG00000282530.2
D6RBW1	ENSG00000151247.13
E7EMW7	ENSG00000104517.13
F5H0R1	ENSG00000149016.16
F5H1S9	ENSG00000177192.14
G3V0J0	ENSG00000102081.16
G3V5Q1	ENSG00000100823.12
G3V5Q1	ENSG00000291796.1
G8JLB3	ENSG00000177192.14
H3BPK7	ENSG00000090861.17
O14602	ENSG00000198692.10
O43347	ENSG00000135097.7
O43414	ENSG00000117419.16
O75153	ENSG00000132361.18
P0C7P1	ENSG00000244395.6
P42696	ENSG00000188739.15
P49750	ENSG00000119596.18
P57723	ENSG00000090097.22
P59045	ENSG00000179873.14
P82970	ENSG00000198157.11
Q05048	ENSG00000101138.12
Q12926	ENSG00000107105.15
Q13442	ENSG00000106244.13
Q14576	ENSG00000196361.10
Q2NL82	ENSG00000167721.11
Q2VIR3	ENSG00000180574.4
Q5H9U9	ENSG00000181381.15
Q5HYM0	ENSG00000102053.13
Q5JTH9	ENSG00000052749.15
Q5T7N2	ENSG00000240563.3
Q5T8P6	ENSG00000139746.16
Q5VTE6	ENSG00000174606.14
Q7Z3Z3	ENSG00000184571.14
Q86SH2	ENSG00000182223.7
Q86Y79	ENSG00000187024.15
Q8IWR0	ENSG00000122299.12
Q8IX18	ENSG00000108406.10
Q8IZ73	ENSG00000166133.18
Q8N0Z8	ENSG00000169972.13
Q8N1G4	ENSG00000130764.10
Q8N5L8	ENSG00000164967.10
Q8N6Y1	ENSG00000280165.2
Q8N8A6	ENSG00000185163.10
Q8N8A6	ENSG00000288503.1
Q8NAF0	ENSG00000218891.5
Q8NCV1	ENSG00000140955.11
Q8NEF9	ENSG00000151304.6
Q8NHP7	ENSG00000178997.12
Q8TBF4	ENSG00000139168.9
Q8TDN6	ENSG00000113460.13
Q8WUA2	ENSG00000131013.4
Q8WV60	ENSG00000049883.15
Q92664	ENSG00000122034.17
Q93073	ENSG00000138593.9
Q96CX2	ENSG00000178695.6
Q96DU9	ENSG00000174740.8
Q96FN9	ENSG00000129480.14
Q96KR1	ENSG00000056097.16
Q9BRJ6	ENSG00000146540.15
Q9BRR8	ENSG00000076650.7
Q9BRT6	ENSG00000139233.7
Q9BXU3	ENSG00000268629.8
Q9BYN8	ENSG00000125901.6
Q9C0D7	ENSG00000149289.11
Q9H501	ENSG00000089048.15
Q9H9L3	ENSG00000143319.18
Q9H9Y2	ENSG00000117133.11
Q9NRJ5	ENSG00000218823.2
Q9NTZ6	ENSG00000244462.8
Q9NUQ6	ENSG00000196141.14
Q9NXL6	ENSG00000072858.12
Q9P031	ENSG00000133773.12
Q9P2N5	ENSG00000091009.8
Q9P2P1	ENSG00000205978.6
Q9UJV8	ENSG00000172733.12
Q9UKD2	ENSG00000053372.5
Q9UKJ3	ENSG00000186566.13
Q9UNK9	ENSG00000013523.12
Q9Y2Q9	ENSG00000147586.10
Q9Y3X0	ENSG00000105321.14
Q9Y421	ENSG00000105058.12
Q9Y5G4	ENSG00000261934.3
A0A087WVB9	ENSG00000178982.10
A0A087WVB9	ENSG00000282986.2
A0A087WXU8	ENSG00000273761.5
A0A087WZV9	ENSG00000284776.1
A0A087X2B1	ENSG00000078328.23
A0A0A0MRN1	ENSG00000162639.16
A0A0A0MRR7	ENSG00000124562.10
A0A0A0MSN9	ENSG00000229363.9
A0A0A0MSN9	ENSG00000206357.11
A0A0A0MSN9	ENSG00000206268.11
A0A0A0MSN9	ENSG00000204356.14
A0A0A0MSN9	ENSG00000231044.10
A0A0A0MSN9	ENSG00000233801.9
A0A0A0MSX9	ENSG00000196305
A0A0A0MT54	ENSG00000184937
A0A0C4DGB1	ENSG00000086189.11
A0A0C4DH56	ENSG00000115421.13
A0A0D9SGJ6	ENSG00000159082.18
A0A1W2PQQ0	ENSG00000184937
A0A1W2PR07	ENSG00000184937.17
A0A1W2PR85	ENSG00000078269.15
A0A1W2PRR2	ENSG00000273761.5
A0A2R8Y6X2	ENSG00000125821.13
A0A3B3IRK8	ENSG00000115267.10
A0A3B3IRQ9	ENSG00000160710
A0A3B3ISR7	ENSG00000178105.12
A0A494BZU6	ENSG00000140694.18
A0A494BZW7	ENSG00000140694.18
A0A494C0K5	ENSG00000140694.18
A0A494C0P9	ENSG00000140694.18
A0A494C0Q2	ENSG00000140694.18
A0A494C0Q6	ENSG00000140694.18
A0A494C0W0	ENSG00000140694.18
A0A494C128	ENSG00000101361.17
A0A494C1K5	ENSG00000140694.18
A0A494C1N1	ENSG00000140694.18
A0A6Q8PF77	ENSG00000090861.17
A0A6Q8PFK3	ENSG00000090861.17
A0A6Q8PFM4	ENSG00000078328.23
A0A6Q8PFX2	ENSG00000134684.13
A0A6Q8PGE0	ENSG00000078328.23
A0A6Q8PH44	ENSG00000090861.17
A0A6Q8PH77	ENSG00000078328.23
A0A6Q8PHA3	ENSG00000078328.23
A0A6Q8PHJ2	ENSG00000090861.17
A0A6Q8PHP3	ENSG00000090861.17
A0A6Q8PHP7	ENSG00000090861.17
A0A7I2V2M5	ENSG00000079785.16
A0A7I2V3F3	ENSG00000115053.17
A0A7I2V428	ENSG00000115053.17
A0A7I2V430	ENSG00000079785.16
A0A7I2V4F0	ENSG00000079785.16
A0A7I2V584	ENSG00000100883.13
A0A7I2V5K0	ENSG00000100883.13
A0A7I2V5M5	ENSG00000115053.17
A0A7I2V5M7	ENSG00000145907.16
A0A7I2V5S2	ENSG00000181163.14
A0A7I2YBM0	ENSG00000100697.17
A0A7I2YQ77	ENSG00000079785.16
A0A7I2YQC0	ENSG00000181163.14
A0A7P0PJI2	ENSG00000100883.13
A0A7P0T9Y7	ENSG00000086189.11
A0A7P0TA23	ENSG00000109618.13
A0A7P0TAL9	ENSG00000055332.19
A0A7P0TBA9	ENSG00000055332.19
A0A7P0Z4A9	ENSG00000115267.10
A0A7P0Z4F9	ENSG00000160710.19
A0A7P0Z4K3	ENSG00000160710.19
A0A7P0Z4P3	ENSG00000109618.13
A0A804HHW9	ENSG00000196305.19
A0A804HHW9	ENSG00000291356.1
A0A804HJM2	ENSG00000078328.23
A0A804HJN6	ENSG00000196305.19
A0A804HJN6	ENSG00000291356.1
A0A804HKG7	ENSG00000078328.23
A0A8I5KND9	ENSG00000165732.14
A0A8I5KNP3	ENSG00000165732.14
A0A8I5KQZ1	ENSG00000178105.12
A0A8I5KRG4	ENSG00000120699.14
A0A8I5KRN0	ENSG00000110888.19
A0A8I5KSH6	ENSG00000178105.12
A0A8I5KTT6	ENSG00000102081.16
A0A8I5KUC2	ENSG00000102081.16
A0A8I5KUU7	ENSG00000178105.12
A0A8I5KWH0	ENSG00000102081.16
A0A8I5KWJ3	ENSG00000167281.20
A0A8I5KX04	ENSG00000165494.12
A0A8I5KXC3	ENSG00000155363.19
A0A8I5KYZ4	ENSG00000165732.14
A0A8I5KZC0	ENSG00000110888.19
A0A8I5QKX0	ENSG00000009307.17
A0A8Q3SHV1	ENSG00000110888.19
A0A8Q3SIS9	ENSG00000130826.19
A0A8Q3SIY6	ENSG00000130826.19
A0A8Q3SJE8	ENSG00000130826.19
A0A8Q3SJI0	ENSG00000100697.17
A0A8Q3WKF3	ENSG00000110888.19
A0A8Q3WLC8	ENSG00000130826.19
A0A8Q3WLD1	ENSG00000130826.19
A0A8Q3WLH8	ENSG00000100697.17
A0A8Q3WLJ5	ENSG00000100697.17
A0A8V8TL97	ENSG00000204351.13
A0A8V8TLA2	ENSG00000204351.13
A0A8V8TMN8	ENSG00000140694.18
A0A8V8TN04	ENSG00000204351.13
A0A994J4L7	ENSG00000005007.14
A0A994J531	ENSG00000078328.23
A0A9L9PY48	ENSG00000080802.21
A0A9L9PY79	ENSG00000080802.21
A0AA34QVS4	ENSG00000139546.12
A0AAA9XBX5	ENSG00000130589.16
A0AAQ5BIF4	ENSG00000107201.12
A0AAQ5BIG4	ENSG00000107201.12
A6NC42	ENSG00000203909.4
A6NMX2	ENSG00000175766.13
A6NP61	ENSG00000189167.12
B0QYV1	ENSG00000100320.24
B0QYV1	ENSG00000277564.4
B0QYY4	ENSG00000100320.24
B0QYY4	ENSG00000277564.4
B4DKA4	ENSG00000134014.18
B4DUQ1	ENSG00000165119.22
B5ME19	ENSG00000205609.13
B7Z1U7	ENSG00000078328.23
C9JFZ1	ENSG00000159082.18
C9JLB1	ENSG00000115053.17
C9JQN2	ENSG00000137760.15
C9JQX9	ENSG00000114503.11
D4PHA4	ENSG00000062194.16
D6RBL4	ENSG00000145388.15
D6RFF0	ENSG00000174720.17
E7EQZ4	ENSG00000172062.17
E7EQZ4	ENSG00000205571.15
E7EQZ4	ENSG00000275349.4
E7EQZ4	ENSG00000277773.4
E7EQZ4	ENSG00000273772.4
E7EUV9	ENSG00000163950.13
E7EVX8	ENSG00000105618.14
E7EVX8	ENSG00000275885.4
E9PEQ6	ENSG00000084072.17
E9PGT1	ENSG00000211460.12
E9PIF2	ENSG00000178105.12
E9PLI6	ENSG00000175376.9
E9PQ56	ENSG00000179950.15
E9PS30	ENSG00000175376.9
E9PS76	ENSG00000175376.9
F2Z2W7	ENSG00000099899.16
F5GXI7	ENSG00000110888.19
F5GYL3	ENSG00000089737.19
F5GYL3	ENSG00000273761.5
F5H5J8	ENSG00000110888.19
F5H5U2	ENSG00000111364.16
F6WVI0	ENSG00000114503.11
F8VZG9	ENSG00000078328.23
F8W8D3	ENSG00000163950.13
F8WC68	ENSG00000204348.10
F8WDU6	ENSG00000184575.12
G3V1J5	ENSG00000083520.15
G3V256	ENSG00000100722.20
G3V2P5	ENSG00000185650.10
G3V480	ENSG00000100883.13
G3V4F7	ENSG00000100883.13
G3V529	ENSG00000089737.19
G3V529	ENSG00000273761.5
G3V5I6	ENSG00000100722.20
G3XAH6	ENSG00000090060.19
G5EA30	ENSG00000149187.19
G8JLP4	ENSG00000166783.22
G8JLP4	ENSG00000277140.2
H0Y8J7	ENSG00000151247.13
H0Y9D2	ENSG00000109618.13
H0YA82	ENSG00000174720.18
H0YAE8	ENSG00000163950.13
H0YB34	ENSG00000132541.11
H0YBX3	ENSG00000132541.11
H0YEM1	ENSG00000179950.15
H0YJA2	ENSG00000100722.20
H0YJZ6	ENSG00000100697.17
H3BMM9	ENSG00000205937.12
H3BTB7	ENSG00000103356.18
H3BTC0	ENSG00000205937.12
H7BXY3	ENSG00000132153.15
H7BY16	ENSG00000115053.17
H7C419	ENSG00000160917.15
H9KVC6	ENSG00000122068.13
I3L1D4	ENSG00000078328.23
J3KP15	ENSG00000161547.17
J3KPK1	ENSG00000159082.18
J3KPP4	ENSG00000108848.16
J3KQV8	ENSG00000159082.18
J3KSY7	ENSG00000108349.18
J3QL05	ENSG00000161547.17
J3QLD1	ENSG00000125457.15
J3QLJ5	ENSG00000125457.15
J3QRZ6	ENSG00000125457.15
J3QSV6	ENSG00000171490.13
K7EIL8	ENSG00000123136.15
K7EL56	ENSG00000123136.15
K7ELL7	ENSG00000130175.10
K7EN69	ENSG00000123136.15
K7ERD7	ENSG00000105171.10
K7ERF1	ENSG00000178982.10
K7ERF1	ENSG00000282986.2
M0QY66	ENSG00000101489.20
M0R0C6	ENSG00000088247.19
O14562	ENSG00000103353.16
O15037	ENSG00000100441.10
O60287	ENSG00000142207.7
O60739	ENSG00000114784.4
O75526	ENSG00000170748.7
O95478	ENSG00000164346.10
P0CB38	ENSG00000254535.4
P0DPA2	ENSG00000243284.1
P61129	ENSG00000188177.15
Q15032	ENSG00000048991.18
Q15434	ENSG00000076067.14
Q1ED39	ENSG00000103550.14
Q1KMD3	ENSG00000214753.4
Q2M296	ENSG00000103248.19
Q32P51	ENSG00000139675.13
Q4VXA5	ENSG00000135314.14
Q5BLP8	ENSG00000243449.8
Q5JQF8	ENSG00000186288.5
Q5JQF8	ENSG00000184388.6
Q5JR04	ENSG00000155363.19
Q5T3I0	ENSG00000292251.1
Q5T6W2	ENSG00000165119.22
Q5T764	ENSG00000204010.3
Q5VTL8	ENSG00000134186.12
Q5VZ19	ENSG00000163239.12
Q6AI08	ENSG00000068097.16
Q6IS14	ENSG00000253626.4
Q6PK04	ENSG00000185298.13
Q6ZP01	ENSG00000177483.12
Q6ZUT6	ENSG00000188549.13
Q86XZ4	ENSG00000123352.18
Q8IV42	ENSG00000179988.15
Q8IXT5	ENSG00000183808.12
Q8N567	ENSG00000131732.12
Q8N5X7	ENSG00000163412.13
Q8N6N3	ENSG00000162642.14
Q8N9T8	ENSG00000129347.21
Q8NE18	ENSG00000179299.17
Q8TE96	ENSG00000144045.14
Q8WW33	ENSG00000170627.11
Q8WW36	ENSG00000187969.6
Q96E39	ENSG00000213516.10
Q96IC2	ENSG00000005189.20
Q96M93	ENSG00000164113.11
Q9BQ75	ENSG00000184220.12
Q9BSC4	ENSG00000115761.17
Q9BXY0	ENSG00000198042.11
Q9H972	ENSG00000100802.15
Q9HC44	ENSG00000159592.11
Q9HCJ3	ENSG00000162437.15
Q9HCM7	ENSG00000112787.14
Q9NVM6	ENSG00000104129.10
Q9NX05	ENSG00000184083.12
Q9UJJ7	ENSG00000007376.8
Q9UPR6	ENSG00000105278.12
Q9Y3C1	ENSG00000048162.22
Q9Y534	ENSG00000172346.15
X6RGV9	ENSG00000162639.16
A0A024R214	ENSG00000214575.10
A0A024R214	ENSG00000277445.4
A0A024R4E5	ENSG00000115677.18
A0A024R7W5	ENSG00000185728.17
A0A087WTT1	ENSG00000070756.17
A0A087WUI2	ENSG00000122566
A0A087WUK2	ENSG00000152795.18
A0A087WUN7	ENSG00000119705.10
A0A087WVR7	ENSG00000214575.10
A0A087WVR7	ENSG00000277445.4
A0A087WWP4	ENSG00000162775.17
A0A087WWQ2	ENSG00000290146.1
A0A087WWU9	ENSG00000153037.15
A0A087WX29	ENSG00000120948.19
A0A087WXG7	ENSG00000214575.10
A0A087WY31	ENSG00000185728.17
A0A087WY59	ENSG00000110060.9
A0A087WYR0	ENSG00000153037.15
A0A087WYY0	ENSG00000120948.19
A0A087WZ13	ENSG00000161847.15
A0A087WZM2	ENSG00000026297.17
A0A087X0H9	ENSG00000139746.16
A0A087X0Q1	ENSG00000185728.17
A0A087X171	ENSG00000277445.4
A0A087X171	ENSG00000214575.10
A0A087X260	ENSG00000120948.19
A0A0A0MQS4	ENSG00000105171.10
A0A0A0MQW0	ENSG00000104177.20
A0A0A0MR39	ENSG00000104177.20
A0A0A0MRW6	ENSG00000165271.17
A0A0A0MSG8	ENSG00000197381.18
A0A0A0MSJ1	ENSG00000198000.12
A0A0A0MSJ1	ENSG00000291347.1
A0A0A0MSR9	ENSG00000188120.16
A0A0A0MSS9	ENSG00000205916.12
A0A0A0MT02	ENSG00000206268.11
A0A0A0MT02	ENSG00000206357.11
A0A0A0MT02	ENSG00000231044.10
A0A0A0MT02	ENSG00000229363.9
A0A0A0MT02	ENSG00000204356.14
A0A0A0MT02	ENSG00000233801.9
A0A0A0N0M3	ENSG00000120948.19
A0A0A6YYJ8	ENSG00000269955
A0A0B4J1V8	ENSG00000243207.6
A0A0B4J297	ENSG00000183011.14
A0A0C4DFS3	ENSG00000184863.11
A0A0C4DFV2	ENSG00000149657.20
A0A0C4DFX0	ENSG00000165271.17
A0A0C4DG68	ENSG00000055917.17
A0A0C4DGD2	ENSG00000164609.10
A0A0C4DGM5	ENSG00000103994.18
A0A0C4DGR1	ENSG00000101489.20
A0A0D9SFL3	ENSG00000182944.18
A0A0G2JQN8	ENSG00000275349.4
A0A0G2JRA5	ENSG00000277564.4
A0A0G2JRD1	ENSG00000277564.4
A0A0G2JRX5	ENSG00000275349.4
A0A0G2JRY6	ENSG00000275349.4
A0A0G2JSB3	ENSG00000277564.4
A0A0J9YW13	ENSG00000289565.1
A0A0J9YWL9	ENSG00000282815.2
A0A0J9YX66	ENSG00000048740.19
A0A0J9YXJ0	ENSG00000048740.19
A0A0J9YXP0	ENSG00000277445.4
A0A0J9YY54	ENSG00000282419.3
A0A0J9YYE0	ENSG00000276833.2
A0A0R4J2E6	ENSG00000162374.18
A0A0R4J2E8	ENSG00000280987
A0A0U1RRM4	ENSG00000011304.22
A0A140T8Y1	ENSG00000205916.12
A0A1B0GU24	ENSG00000078687.18
A0A1B0GU44	ENSG00000048740.19
A0A1B0GUN8	ENSG00000048740.19
A0A286YEU2	ENSG00000078328.23
A0A2R8Y4L2	ENSG00000224578.5
A0A2R8Y4M3	ENSG00000153037.15
A0A2R8Y4R7	ENSG00000100416.15
A0A2R8Y5A6	ENSG00000204842.18
A0A2R8Y606	ENSG00000104889.7
A0A2R8Y658	ENSG00000104889.7
A0A2R8Y6L6	ENSG00000100416.15
A0A2R8YCT7	ENSG00000125821.13
A0A2U3TZN1	ENSG00000153037.15
A0A2U3TZN9	ENSG00000104413.18
A0A3B3IRV3	ENSG00000101898.8
A0A3B3ISU1	ENSG00000160710.19
A0A3B3ISX1	ENSG00000160710.19
A0A3B3IT62	ENSG00000100722.20
A0A3B3ITG9	ENSG00000160710.19
A0A3B3ITL7	ENSG00000167281.20
A0A3B3ITR6	ENSG00000145982.13
A0A3B3IU46	ENSG00000235272.3
A0A3B3IUA2	ENSG00000100138.15
A0A494C001	ENSG00000162775.17
A0A494C002	ENSG00000140694.18
A0A494C015	ENSG00000162374.18
A0A494C0F8	ENSG00000162374.18
A0A494C0G7	ENSG00000086189.11
A0A494C0R8	ENSG00000132361.18
A0A494C147	ENSG00000162374.18
A0A494C156	ENSG00000140694.18
A0A494C173	ENSG00000162374.18
A0A494C181	ENSG00000072756.18
A0A494C1D4	ENSG00000072756.18
A0A494C1D9	ENSG00000162374.18
A0A494C1G3	ENSG00000140694.18
A0A499FI31	ENSG00000075856.12
A0A499FJY3	ENSG00000162775.17
A0A590UK80	ENSG00000288000.1
A0A5F9ZHP1	ENSG00000138303.19
A0A5F9ZI57	ENSG00000204842.18
A0A6I8PTZ8	ENSG00000092847.14
A0A6Q8PEX4	ENSG00000011304.22
A0A6Q8PEX7	ENSG00000125944.22
A0A6Q8PEX7	ENSG00000282958.5
A0A6Q8PEZ3	ENSG00000117569.20
A0A6Q8PF05	ENSG00000153944.12
A0A6Q8PFC0	ENSG00000117569.20
A0A6Q8PFC2	ENSG00000104967.8
A0A6Q8PFE6	ENSG00000117569.20
A0A6Q8PFV4	ENSG00000100697.17
A0A6Q8PG28	ENSG00000090861.17
A0A6Q8PG62	ENSG00000090861.17
A0A6Q8PGH5	ENSG00000112232.11
A0A6Q8PGI8	ENSG00000090861.17
A0A6Q8PGX2	ENSG00000132740.10
A0A7I2RVZ4	ENSG00000117569.20
A0A7I2V2R3	ENSG00000170144.23
A0A7I2V2U7	ENSG00000115053.17
A0A7I2V323	ENSG00000122566.23
A0A7I2V349	ENSG00000115053.17
A0A7I2V383	ENSG00000258643.6
A0A7I2V385	ENSG00000106682.16
A0A7I2V3J2	ENSG00000180228.14
A0A7I2V3P1	ENSG00000122566.23
A0A7I2V3P7	ENSG00000122566.23
A0A7I2V402	ENSG00000170144.23
A0A7I2V464	ENSG00000147140.17
A0A7I2V4E4	ENSG00000106682.16
A0A7I2V4G0	ENSG00000170144.23
A0A7I2V4G8	ENSG00000181163.14
A0A7I2V4H6	ENSG00000011304.22
A0A7I2V4I6	ENSG00000122566.23
A0A7I2V4J2	ENSG00000147140.17
A0A7I2V4J3	ENSG00000079785.16
A0A7I2V4J6	ENSG00000170144.23
A0A7I2V4K9	ENSG00000147140.17
A0A7I2V4L7	ENSG00000090621.15
A0A7I2V4N0	ENSG00000122566.23
A0A7I2V4N1	ENSG00000122566.23
A0A7I2V4N2	ENSG00000147140.17
A0A7I2V4N4	ENSG00000070756.17
A0A7I2V4Q0	ENSG00000079785.16
A0A7I2V4S4	ENSG00000122566.23
A0A7I2V506	ENSG00000115053.17
A0A7I2V535	ENSG00000147140.17
A0A7I2V598	ENSG00000090621.15
A0A7I2V5D8	ENSG00000170144.23
A0A7I2V5J8	ENSG00000181163.14
A0A7I2V5W9	ENSG00000090621.15
A0A7I2V5Y7	ENSG00000147140.17
A0A7I2V621	ENSG00000011304.22
A0A7I2V699	ENSG00000115053.17
A0A7I2Y1C3	ENSG00000114867.22
A0A7I2YQ88	ENSG00000070756.17
A0A7I2YQD0	ENSG00000079785.16
A0A7I2YQE4	ENSG00000070756.17
A0A7I2YQN4	ENSG00000122566.23
A0A7P0MRW0	ENSG00000147140.17
A0A7P0T8X7	ENSG00000086189.11
A0A7P0T967	ENSG00000086189.11
A0A7P0T9I3	ENSG00000139793.21
A0A7P0T9J1	ENSG00000086189.11
A0A7P0T9U7	ENSG00000168066.22
A0A7P0TB70	ENSG00000288684.1
A0A7P0Z4I0	ENSG00000086189.11
A0A7P0Z4M0	ENSG00000055332.19
A0A804HIV9	ENSG00000196305.19
A0A804HIV9	ENSG00000291356.1
A0A804HJ36	ENSG00000196305.19
A0A804HJ36	ENSG00000291356.1
A0A804HJ89	ENSG00000026297.17
A0A804HKV4	ENSG00000205916.12
A0A804HKZ2	ENSG00000026297.17
A0A804HL54	ENSG00000196305.19
A0A804HL54	ENSG00000291356.1
A0A8I5KPC0	ENSG00000009307.17
A0A8I5KPJ6	ENSG00000009307.17
A0A8I5KPM1	ENSG00000178105.12
A0A8I5KQG7	ENSG00000174720.18
A0A8I5KRH1	ENSG00000169249.14
A0A8I5KRI1	ENSG00000165675.20
A0A8I5KRX4	ENSG00000120699.14
A0A8I5KSD0	ENSG00000169249.14
A0A8I5KSZ3	ENSG00000174720.18
A0A8I5KU79	ENSG00000139793.21
A0A8I5KV85	ENSG00000009307.17
A0A8I5KVC8	ENSG00000120699.14
A0A8I5KVU2	ENSG00000107929.16
A0A8I5KW72	ENSG00000009307.17
A0A8I5KWN8	ENSG00000107929.16
A0A8I5KXH5	ENSG00000009307.17
A0A8I5KXY1	ENSG00000178105.12
A0A8I5KYC8	ENSG00000089682.18
A0A8I5KYN2	ENSG00000174720.18
A0A8I5KZ07	ENSG00000155363.19
A0A8I5QJA6	ENSG00000009307.17
A0A8I5QJI7	ENSG00000120699.14
A0A8I5QKS0	ENSG00000169249.14
A0A8J9G8U8	ENSG00000184571.14
A0A8Q3SHE9	ENSG00000110888.19
A0A8Q3SHF1	ENSG00000174720.18
A0A8Q3SHG9	ENSG00000174720.18
A0A8Q3SHH4	ENSG00000174720.18
A0A8Q3SHL6	ENSG00000174720.18
A0A8Q3SHN7	ENSG00000174720.18
A0A8Q3SHS5	ENSG00000110888.19
A0A8Q3SI19	ENSG00000100320.24
A0A8Q3SI20	ENSG00000100320.24
A0A8Q3SI31	ENSG00000100320.24
A0A8Q3SI58	ENSG00000100320.24
A0A8Q3SI75	ENSG00000100320.24
A0A8Q3SIX2	ENSG00000130826.19
A0A8Q3WK75	ENSG00000174720.18
A0A8Q3WKC4	ENSG00000110888.19
A0A8Q3WKE6	ENSG00000110888.19
A0A8Q3WKE7	ENSG00000110888.19
A0A8Q3WL03	ENSG00000152430.19
A0A8Q3WLE4	ENSG00000130826.19
A0A8Q3WLG7	ENSG00000130826.19
A0A8Q3WLH0	ENSG00000110888.19
A0A8V8TKY9	ENSG00000130826.19
A0A8V8TMQ1	ENSG00000114416.19
A0A8V8TNP6	ENSG00000114416.19
A0A8V8TP28	ENSG00000182117.7
A0A8V8TP28	ENSG00000291996.1
A0A8V8TPD4	ENSG00000182117.7
A0A8V8TPD4	ENSG00000291996.1
A0A8V8TPK8	ENSG00000182117.7
A0A8V8TPK8	ENSG00000291996.1
A0A8V8TQE5	ENSG00000182117.7
A0A8V8TQE5	ENSG00000291996.1
A0A8V8TQE9	ENSG00000182117.7
A0A8V8TQE9	ENSG00000291996.1
A0A8V8TQT0	ENSG00000182117.7
A0A8V8TQT0	ENSG00000291996.1
A0A994J3Q8	ENSG00000162613.18
A0A994J491	ENSG00000174231.18
A0A994J4D7	ENSG00000182504.12
A0A994J4E9	ENSG00000165119.22
A0A994J4R1	ENSG00000138668.20
A0A994J4S7	ENSG00000165119.22
A0A994J4U9	ENSG00000165119.22
A0A994J4Y2	ENSG00000128191.17
A0A994J506	ENSG00000139793.21
A0A994J509	ENSG00000139793.21
A0A994J522	ENSG00000182504.12
A0A994J597	ENSG00000005007.14
A0A994J6E8	ENSG00000174231.18
A0A994J6L7	ENSG00000179950.15
A0A994J6S8	ENSG00000174231.18
A0A994J6T5	ENSG00000165119.22
A0A994J6U9	ENSG00000165119.22
A0A994J773	ENSG00000005007.14
A0A994J782	ENSG00000165119.22
A0A994J795	ENSG00000165119.22
A0A994J7P9	ENSG00000129245.13
A0A9L9PX63	ENSG00000111786.10
A0A9L9PXE4	ENSG00000168066.22
A0A9L9PXR5	ENSG00000168066.22
A0AAA9XYZ6	ENSG00000078687.18
A0AAG2TPY2	ENSG00000160710.19
A0AAG2U5V6	ENSG00000160710.19
A0AAG2U823	ENSG00000160710.19
A0AAK2PNZ4	ENSG00000125485.18
A0AAQ5BGH8	ENSG00000160710.19
A0AAQ5BGJ0	ENSG00000160710.19
A0AAQ5BGJ4	ENSG00000160710.19
A0AAQ5BGK3	ENSG00000160710.19
A0AAQ5BGL3	ENSG00000160710.19
A0AAQ5BI24	ENSG00000165675.20
A0AAQ5BI25	ENSG00000165675.20
A0AAQ5BIG2	ENSG00000089280.20
A2A2V2	ENSG00000188739.15
A2A376	ENSG00000107201
A2ABK4	ENSG00000229363.9
A2ABK4	ENSG00000206357.11
A2ABK4	ENSG00000231044.10
A2ABK4	ENSG00000233801.9
A2ABK4	ENSG00000204356.14
A2ABK4	ENSG00000206268.11
A3KFL2	ENSG00000130713.17
A3KFL5	ENSG00000130713.17
A6NHK2	ENSG00000182004.13
A6NJH9	ENSG00000198692.10
A6NLN1	ENSG00000011304.22
A6NMK7	ENSG00000187959.9
A6NP24	ENSG00000116791.14
A6PVI3	ENSG00000170935.8
A8MXP9	ENSG00000280987.4
A8MYV2	ENSG00000007392.17
B0QYK0	ENSG00000182944.18
B0QYY6	ENSG00000100320.24
B0QYY6	ENSG00000277564.4
B0QYY7	ENSG00000100320.24
B1AHD1	ENSG00000100138.15
B1AKF7	ENSG00000165675.20
B1AMU3	ENSG00000171311.13
B1ANR0	ENSG00000090621.15
B1APY9	ENSG00000162374.18
B3KM87	ENSG00000015479.20
B3KM87	ENSG00000280987.4
B3KT61	ENSG00000184672.12
B3KWW1	ENSG00000107201.12
B4DEH8	ENSG00000100836.11
B4DHA8	ENSG00000101489.20
B4DHE8	ENSG00000153944.12
B4DJK0	ENSG00000100650.16
B4DM51	ENSG00000153944.12
B4DRY2	ENSG00000086189.11
B4DUA4	ENSG00000100650.16
B4DXZ6	ENSG00000114416.19
B4DY08	ENSG00000092199.19
B4DZ74	ENSG00000278023.7
B4DZ74	ENSG00000276432.4
B7WP74	ENSG00000163510.14
B7Z4J8	ENSG00000113761.12
B7Z4N4	ENSG00000113761.12
B7Z645	ENSG00000135316.20
B7Z645	ENSG00000271793.2
B7Z6B6	ENSG00000113761.12
B7Z6Q2	ENSG00000113761.12
B7Z7B0	ENSG00000160917.15
B7Z8Z7	ENSG00000163694.15
B7ZW38	ENSG00000283292.2
B7ZW38	ENSG00000277058.3
B7ZW38	ENSG00000282559.1
B8ZZ10	ENSG00000007392.17
B8ZZ47	ENSG00000136718.10
B8ZZ50	ENSG00000135930.15
B9A008	ENSG00000136718.10
B9A044	ENSG00000135930.15
C9IYN3	ENSG00000143889.16
C9IYT0	ENSG00000130826.19
C9IZL7	ENSG00000147140
C9J4W5	ENSG00000163577.8
C9J4X2	ENSG00000147140
C9J787	ENSG00000127993.16
C9J7B5	ENSG00000163577.8
C9J808	ENSG00000155438.12
C9JAB2	ENSG00000115875.19
C9JAT9	ENSG00000164113.11
C9JEL3	ENSG00000135930.15
C9JEV9	ENSG00000160917.15
C9JGE3	ENSG00000182944.18
C9JGM6	ENSG00000164113.11
C9JH92	ENSG00000116791.14
C9JIZ0	ENSG00000128534.8
C9JNV3	ENSG00000128534.8
C9JSZ1	ENSG00000162613.18
C9JVQ0	ENSG00000143977.14
C9K0K2	ENSG00000160917.15
D3DQV9	ENSG00000110321
D6R9D6	ENSG00000163694.15
D6R9P3	ENSG00000197451.12
D6RAF8	ENSG00000138668.20
D6RB17	ENSG00000138757.15
D6RBG4	ENSG00000153037.15
D6RBQ9	ENSG00000138668.20
D6RBZ0	ENSG00000197451.12
D6RC52	ENSG00000145912.10
D6RCB9	ENSG00000145912.10
D6RCL3	ENSG00000086189.11
D6RD18	ENSG00000197451.12
D6RD83	ENSG00000138668.20
D6REB4	ENSG00000172239.14
D6REM6	ENSG00000015479.20
D6REQ6	ENSG00000026297.17
D6RF49	ENSG00000174720.18
D6RHI9	ENSG00000026297.17
D6RIB3	ENSG00000145414.9
D6RJ02	ENSG00000172239.14
D6RJ07	ENSG00000113761.12
D6RJF2	ENSG00000172239.14
D6W5Y5	ENSG00000099622.14
E5RGM7	ENSG00000164609.10
E5RI98	ENSG00000181163.14
E5RJW4	ENSG00000086589.12
E5RJZ9	ENSG00000131773.15
E5RK41	ENSG00000164609.10
E7EMV8	ENSG00000156976.17
E7ENA5	ENSG00000205916.12
E7ENR5	ENSG00000136718.10
E7EQV3	ENSG00000070756.17
E7ER60	ENSG00000078269.15
E7ERJ7	ENSG00000070756.17
E7ERQ6	ENSG00000187191.16
E7ET15	ENSG00000163714.18
E7ETR3	ENSG00000187191.16
E7EU38	ENSG00000205916.12
E7EU39	ENSG00000205916.12
E7EU85	ENSG00000114416.19
E7EUH7	ENSG00000091127.14
E7EUU4	ENSG00000114867.22
E7EVG6	ENSG00000148840.11
E7EVJ4	ENSG00000040341.18
E7EWR4	ENSG00000101811.15
E7EX17	ENSG00000063046.18
E7EX41	ENSG00000111364.16
E7EX73	ENSG00000114867.22
E9PBY2	ENSG00000205944.12
E9PC62	ENSG00000048740.19
E9PCY7	ENSG00000169045.19
E9PCY7	ENSG00000284254.4
E9PD43	ENSG00000204356.14
E9PEB5	ENSG00000162613.18
E9PFF5	ENSG00000114416.19
E9PGM1	ENSG00000114867.22
E9PIN3	ENSG00000162231.14
E9PJV3	ENSG00000165526.9
E9PKN0	ENSG00000165494.12
E9PL19	ENSG00000179950.15
E9PLA7	ENSG00000162231.14
E9PLT0	ENSG00000009307.17
E9PNG3	ENSG00000009307.17
E9PNH5	ENSG00000175376.9
E9PPU1	ENSG00000149273.15
E9PQ01	ENSG00000165494.12
E9PR38	ENSG00000134644.16
E9PSF1	ENSG00000132819.17
F2Z2C0	ENSG00000083520.15
F2Z2G3	ENSG00000152430.19
F2Z2Y6	ENSG00000128534.8
F5GWN9	ENSG00000198000.12
F5GWN9	ENSG00000291347.1
F5GXV8	ENSG00000076053.12
F5GY08	ENSG00000076053.12
F5GY32	ENSG00000177192.14
F5GYR3	ENSG00000111641.13
F5GYW6	ENSG00000184575.12
F5H013	ENSG00000143977.14
F5H047	ENSG00000149532.16
F5H0I5	ENSG00000198000.12
F5H0I5	ENSG00000291347.1
F5H0M1	ENSG00000078328.23
F5H101	ENSG00000198000.12
F5H101	ENSG00000291347.1
F5H142	ENSG00000110888.19
F5H1Z4	ENSG00000140694.18
F5H1Z4	ENSG00000274829.4
F5H532	ENSG00000198000.12
F5H532	ENSG00000291347.1
F5H606	ENSG00000076053.12
F5H669	ENSG00000149532.16
F5H6M0	ENSG00000149532.16
F5H8B8	ENSG00000198000.12
F5H8B8	ENSG00000291347.1
F6S2B7	ENSG00000225073.10
F6S2B7	ENSG00000230624.10
F6S2B7	ENSG00000198563.14
F6S2B7	ENSG00000225859.10
F6S2B7	ENSG00000235439.10
F6S2B7	ENSG00000229496.10
F6S2B7	ENSG00000215425.11
F6SXL5	ENSG00000230624.10
F6SXL5	ENSG00000229496.10
F6SXL5	ENSG00000198563.14
F6SXL5	ENSG00000225073.10
F6SXL5	ENSG00000215425.11
F6SXL5	ENSG00000225859.10
F6SXL5	ENSG00000235439.10
F6U6E2	ENSG00000225859.10
F6U6E2	ENSG00000230624.10
F6U6E2	ENSG00000229496.10
F6U6E2	ENSG00000235439.10
F6U6E2	ENSG00000215425.11
F6U6E2	ENSG00000225073.10
F6U6E2	ENSG00000198563.14
F6VRR5	ENSG00000100227.19
F6VZ39	ENSG00000132819.17
F8VP66	ENSG00000129317.15
F8VP89	ENSG00000063046.18
F8VQP2	ENSG00000204842.18
F8VR27	ENSG00000078328.23
F8VRS4	ENSG00000078328.23
F8VRU1	ENSG00000063046.18
F8VRX4	ENSG00000123064.13
F8VSC7	ENSG00000063046.18
F8VVB8	ENSG00000166783.22
F8VVB8	ENSG00000277140.2
F8VW99	ENSG00000129317.15
F8VX11	ENSG00000063046.18
F8VXY6	ENSG00000139168.9
F8VYE9	ENSG00000063046.18
F8VZY7	ENSG00000078328.23
F8W0K0	ENSG00000063046.18
F8W126	ENSG00000187778.14
F8W8I6	ENSG00000116001.17
F8W930	ENSG00000073792.16
F8W9F8	ENSG00000148584.16
F8WB06	ENSG00000204842.18
F8WCJ1	ENSG00000163577.8
F8WE42	ENSG00000198000.12
F8WE42	ENSG00000291347.1
F8WJN3	ENSG00000111605.18
G3V153	ENSG00000135387.21
G3V162	ENSG00000120948.19
G3V240	ENSG00000100722.20
G3V2D5	ENSG00000185650.10
G3V2Q1	ENSG00000092199.19
G3V2R1	ENSG00000020577.14
G3V2S9	ENSG00000119705.10
G3V2X4	ENSG00000100722.20
G3V3R9	ENSG00000100722.20
G3V3T7	ENSG00000165934.13
G3V3Y4	ENSG00000100722.20
G3V411	ENSG00000100722.20
G3V473	ENSG00000100722.20
G3V4C1	ENSG00000092199.19
G3V4T2	ENSG00000100836.11
G3V4T5	ENSG00000134001.15
G3V4W0	ENSG00000092199.19
G3V4X6	ENSG00000119705.10
G3V555	ENSG00000092199.19
G3V572	ENSG00000100722.20
G3V575	ENSG00000092199.19
G3V576	ENSG00000092199.19
G3V5K8	ENSG00000100650.16
G3V5T3	ENSG00000165934.13
G3V5X7	ENSG00000129566.13
G3V5X7	ENSG00000291791.1
G3XAC6	ENSG00000131051.24
G5E9Q4	ENSG00000180228.14
G5E9R9	ENSG00000116747.13
G8JLB6	ENSG00000169045.19
H0Y394	ENSG00000115677.18
H0Y3P2	ENSG00000110321
H0Y5F5	ENSG00000090621.15
H0Y623	ENSG00000159409.15
H0Y653	ENSG00000101361.17
H0Y713	ENSG00000155846.17
H0Y714	ENSG00000136718.10
H0Y720	ENSG00000100354.22
H0Y7K5	ENSG00000184937.17
H0Y8R1	ENSG00000132463.15
H0YA61	ENSG00000112183.15
H0YAE9	ENSG00000249141.1
H0YAK1	ENSG00000132463.15
H0YAR2	ENSG00000070756.17
H0YC97	ENSG00000134644.16
H0YCB3	ENSG00000138303.19
H0YD26	ENSG00000109832.14
H0YDC5	ENSG00000134644.16
H0YDK8	ENSG00000134644.16
H0YDQ6	ENSG00000134644.16
H0YDU4	ENSG00000101361.17
H0YED9	ENSG00000184937.17
H0YEH2	ENSG00000134644.16
H0YF14	ENSG00000029363.17
H0YFR9	ENSG00000061936.10
H0YIA0	ENSG00000187778.14
H0YJ40	ENSG00000119705.10
H0YJ51	ENSG00000100722.20
H0YJF4	ENSG00000165934.13
H0YJS4	ENSG00000134001.15
H0YKK0	ENSG00000131876.18
H0YL55	ENSG00000137776.17
H0YLA2	ENSG00000140319.11
H0YLE6	ENSG00000137776.17
H0YM23	ENSG00000132466.20
H0YMA0	ENSG00000131876.18
H3BM22	ENSG00000110888.19
H3BMS0	ENSG00000205937.12
H3BND3	ENSG00000167005.14
H3BNP6	ENSG00000140955.11
H3BP18	ENSG00000065457.11
H3BP27	ENSG00000065457.11
H3BPE7	ENSG00000089280.20
H3BPG5	ENSG00000205937.12
H3BRB1	ENSG00000255508.7
H3BRI5	ENSG00000169371.14
H3BRK1	ENSG00000140694.18
H3BRK1	ENSG00000274829.4
H3BS99	ENSG00000103994.18
H3BSK1	ENSG00000169371.14
H3BSS6	ENSG00000103994.18
H3BSW6	ENSG00000174177.13
H3BT13	ENSG00000286070.2
H3BU72	ENSG00000065457
H3BUB4	ENSG00000169371.14
H3BUF6	ENSG00000168488.19
H3BV80	ENSG00000205937.12
H7BXE3	ENSG00000137776.17
H7BY36	ENSG00000182944.18
H7C016	ENSG00000160917.15
H7C0R6	ENSG00000134077.16
H7C1M2	ENSG00000159140.23
H7C3J3	ENSG00000134077.16
H7C452	ENSG00000088205.13
H7C4L3	ENSG00000204351.13
H7C4S2	ENSG00000105856.14
H7C4S2	ENSG00000283847.2
H7C561	ENSG00000168066.22
H7C5D2	ENSG00000204348.10
H7C5N0	ENSG00000204351.13
H9KVA5	ENSG00000187959.9
H9KVC1	ENSG00000122068.13
H9KVD1	ENSG00000122068.13
I3L2B0	ENSG00000132361.18
I3L310	ENSG00000183011.14
I3L397	ENSG00000132507.18
I3L397	ENSG00000288145.1
I3L3Z2	ENSG00000183011.14
I3L3Z8	ENSG00000174231.18
I3L4V0	ENSG00000183011.14
I3L504	ENSG00000132507.18
I3L504	ENSG00000288145.1
I3L521	ENSG00000255663.1
J3KNN9	ENSG00000184937.17
J3KPD3	ENSG00000076053.12
J3KPK3	ENSG00000242389.9
J3KPZ4	ENSG00000197223.12
J3KQ82	ENSG00000169800.14
J3KR24	ENSG00000196305.19
J3KR24	ENSG00000291356.1
J3KS25	ENSG00000161960.16
J3KS93	ENSG00000161960.16
J3KSN7	ENSG00000156976.17
J3KSR8	ENSG00000136450.13
J3KTG4	ENSG00000169972.13
J3KTL2	ENSG00000136450.13
J3QKZ9	ENSG00000161960.16
J3QL43	ENSG00000161960.16
J3QLN6	ENSG00000161960.16
J3QQZ2	ENSG00000167281.20
J3QR07	ENSG00000083896.13
J3QR07	ENSG00000275272.4
J3QR64	ENSG00000161960.16
J3QRF4	ENSG00000167281.20
J3QRV9	ENSG00000132591.12
J3QSB2	ENSG00000132591.12
J3QSY4	ENSG00000145912.10
J3QSZ5	ENSG00000159140.23
J3QT54	ENSG00000149532.16
K7EIN2	ENSG00000168101.15
K7EJA3	ENSG00000168517
K7EJV1	ENSG00000099622.14
K7EJV5	ENSG00000099622.14
K7EJX9	ENSG00000104907.13
K7EK33	ENSG00000071626.17
K7EKJ9	ENSG00000129351.18
K7EL20	ENSG00000130811.12
K7ELS4	ENSG00000168517
K7ELT6	ENSG00000099622.14
K7ELV6	ENSG00000099622.14
K7EML3	ENSG00000130813.18
K7EMY9	ENSG00000099622.14
K7EMZ9	ENSG00000257103.9
K7ENA8	ENSG00000130811.12
K7ENX8	ENSG00000099622.14
K7EP06	ENSG00000101654.18
K7EP90	ENSG00000126254.12
K7EPH2	ENSG00000179115.11
K7EPM4	ENSG00000099622.14
K7EQ02	ENSG00000071626.17
K7EQ03	ENSG00000126254.12
K7EQ55	ENSG00000071626.17
K7EQQ8	ENSG00000104907.13
K7EQR7	ENSG00000099622.14
K7EQV2	ENSG00000105171.10
K7ER00	ENSG00000179115.11
K7ER40	ENSG00000099622.14
K7ER69	ENSG00000129351.18
K7ER90	ENSG00000130811.12
K7ERG7	ENSG00000168517
K7ESM2	ENSG00000168517
M0QXB0	ENSG00000130520.11
M0QXL5	ENSG00000105202.9
M0QXL5	ENSG00000280548.4
M0QXS5	ENSG00000104824.18
M0QXS5	ENSG00000282947.2
M0QY97	ENSG00000130749.10
M0QZ22	ENSG00000179134.16
M0R0P1	ENSG00000105202.9
M0R0P1	ENSG00000280548.4
M0R1H0	ENSG00000105202.9
M0R1H0	ENSG00000280548.4
M0R299	ENSG00000105202.9
M0R299	ENSG00000280548.4
M0R2B0	ENSG00000105202.9
M0R2B0	ENSG00000280548.4
M0R2B8	ENSG00000077312.9
M0R2Q4	ENSG00000105202.9
M0R2Q4	ENSG00000280548.4
M0R2U2	ENSG00000105202.9
M0R2U2	ENSG00000280548.4
M0R2Z9	ENSG00000064607.17
M0R3J3	ENSG00000088247.19
O95205	ENSG00000139793.21
P0DMR1	ENSG00000179412.11
P0DMR1	ENSG00000282095.3
P0DMR1	ENSG00000283231.4
Q14899	ENSG00000136997.22
Q49AN9	ENSG00000143977.14
Q5BKY9	ENSG00000234545.8
Q5H918	ENSG00000102241.12
Q5H919	ENSG00000102241.12
Q5JRI1	ENSG00000188529.15
Q5JSQ8	ENSG00000256980.5
Q5JW30	ENSG00000124214.21
Q5JXT2	ENSG00000101361.17
Q5QP23	ENSG00000131051.24
Q5SZR4	ENSG00000182134.17
Q5T1Z4	ENSG00000134644.16
Q5T1Z8	ENSG00000134644.16
Q5T8U2	ENSG00000148303.17
Q5T8U2	ENSG00000280858.3
Q5T8U3	ENSG00000148303.17
Q5T8U3	ENSG00000280858.3
Q5T9H5	ENSG00000188613.7
Q5TA58	ENSG00000092847.14
Q5TAL2	ENSG00000124562.10
Q5TBQ0	ENSG00000149657.20
Q5TBQ1	ENSG00000149657.20
Q5VXN0	ENSG00000197498.13
Q5VZS7	ENSG00000150593.18
Q5VZZ6	ENSG00000048740.19
Q659G3	ENSG00000143742.14
Q6P2S0	ENSG00000143742.14
Q6P3W6	ENSG00000271425.9
Q6ZSC3	ENSG00000184898.7
Q8IZQ5	ENSG00000211450.11
Q8N2G6	ENSG00000165424.7
Q8N7X1	ENSG00000175718.10
Q8WU43	ENSG00000273045.7
Q96CP2	ENSG00000162076.13
Q96H35	ENSG00000119446.14
Q9BXU2	ENSG00000170925.3
S4R3K7	ENSG00000100320.24
S4R446	ENSG00000181588.17
S4R469	ENSG00000100320.24
S4R469	ENSG00000277564.4
U3KPZ7	ENSG00000275740.1
U3KQK1	ENSG00000130520.11
V9GY86	ENSG00000204842.18
V9GYD9	ENSG00000048740.19
V9GYK2	ENSG00000143889.16
V9GYP5	ENSG00000290146.1
V9GYY5	ENSG00000100101.15
V9GZ08	ENSG00000105705.16
V9GZ56	ENSG00000130520.11
X6R7H2	ENSG00000148840.11
X6RAC9	ENSG00000173674.11
X6RLP6	ENSG00000185946.16
A0A024RA28	ENSG00000122566.23
A0A087WU68	ENSG00000011304.22
A0A087WV68	ENSG00000120948.19
A0A087WVM7	ENSG00000126749.17
A0A087WW61	ENSG00000120948.19
A0A087WWR6	ENSG00000102081.16
A0A087WWU4	ENSG00000102081.16
A0A087WX67	ENSG00000120948.19
A0A087WXQ5	ENSG00000120948.19
A0A087WXV3	ENSG00000120948.19
A0A087WY03	ENSG00000153914.16
A0A087WYE7	ENSG00000120948.19
A0A087WZC1	ENSG00000278619.5
A0A087WZC1	ENSG00000274853.2
A0A087WZC9	ENSG00000120948.19
A0A087WZM1	ENSG00000120948.19
A0A087X2D0	ENSG00000112081.18
A0A0A0MQZ8	ENSG00000131503.21
A0A0A0MRX1	ENSG00000107105.15
A0A0A0MSA7	ENSG00000075151.24
A0A0A0MSL8	ENSG00000248643.5
A0A0A0MT33	ENSG00000213079.10
A0A0A0MT56	ENSG00000101811.15
A0A0A0MTT3	ENSG00000101489.20
A0A0A6YYI3	ENSG00000243207
A0A0A6YYI9	ENSG00000248643
A0A0B4J1Z1	ENSG00000115875.19
A0A0B4J210	ENSG00000155506
A0A0B4J213	ENSG00000156482.11
A0A0B4J254	ENSG00000139343.11
A0A0C4DGV1	ENSG00000104177.20
A0A0C4DH44	ENSG00000156482.11
A0A0D9SEM4	ENSG00000116350.18
A0A0D9SF20	ENSG00000011304.22
A0A0D9SGB5	ENSG00000100353.18
A0A0G2JI50	ENSG00000229363.9
A0A0G2JI50	ENSG00000231044.10
A0A0G2JI50	ENSG00000233801.9
A0A0G2JI50	ENSG00000206357.11
A0A0G2JI50	ENSG00000206268.11
A0A0G2JNQ3	ENSG00000274109.2
A0A0G2JPF8	ENSG00000273865.2
A0A0J9YXK1	ENSG00000048740.19
A0A0J9YXY8	ENSG00000276833.2
A0A0U1RQH7	ENSG00000131051.24
A0A0U1RQK7	ENSG00000075151.24
A0A0U1RQW2	ENSG00000131051.24
A0A140T9Y7	ENSG00000037474.15
A0A140TA76	ENSG00000262860.5
A0A1B0GUK8	ENSG00000213516.10
A0A1B0GUW5	ENSG00000144642.22
A0A1B0GW42	ENSG00000169813.17
A0A1B0GW87	ENSG00000160201.12
A0A286YEZ8	ENSG00000125944.22
A0A286YEZ8	ENSG00000282958.5
A0A2R8Y7E6	ENSG00000204842.18
A0A2R8Y7P6	ENSG00000204842.18
A0A2R8YDM9	ENSG00000204842.18
A0A3B3IRU2	ENSG00000100138.15
A0A3B3ISF0	ENSG00000138709.20
A0A3B3ISH1	ENSG00000100138.15
A0A3B3ISH6	ENSG00000285326.3
A0A3B3ISH6	ENSG00000196943.14
A0A3B3IT29	ENSG00000138709.20
A0A3B3ITJ4	ENSG00000104824.18
A0A494BZW4	ENSG00000162374.18
A0A494C008	ENSG00000140694.18
A0A494C011	ENSG00000162374.18
A0A494C0A0	ENSG00000072756.18
A0A494C0M6	ENSG00000162374.18
A0A494C0N8	ENSG00000072756.18
A0A494C0Q5	ENSG00000162374.18
A0A494C0Y2	ENSG00000072756.18
A0A494C1L4	ENSG00000072756.18
A0A494C1M2	ENSG00000115524.17
A0A590UJI5	ENSG00000113742.14
A0A590UJK4	ENSG00000124193.16
A0A590UJN2	ENSG00000113742.14
A0A590UJP7	ENSG00000124193.16
A0A590UK01	ENSG00000124193.16
A0A5F9ZH79	ENSG00000138303.19
A0A5F9ZH85	ENSG00000204842.18
A0A5F9ZHC5	ENSG00000164022.18
A0A5F9ZHH4	ENSG00000204842.18
A0A5F9ZHW5	ENSG00000204842.18
A0A5F9ZHX3	ENSG00000204842.18
A0A5F9ZI10	ENSG00000138303.19
A0A5F9ZI37	ENSG00000138303.19
A0A5K1VW55	ENSG00000138303.19
A0A5K1VW61	ENSG00000137449.17
A0A5K1VW71	ENSG00000137449.17
A0A5K1VW79	ENSG00000137449.17
A0A5K1VW93	ENSG00000137449.17
A0A669KB49	ENSG00000065526.13
A0A6I8PLA1	ENSG00000101104.13
A0A6I8PS38	ENSG00000101104.13
A0A6Q8JFV4	ENSG00000101104.13
A0A6Q8PFP3	ENSG00000132740.10
A0A6Q8PFU8	ENSG00000153944.12
A0A6Q8PFZ7	ENSG00000132740.10
A0A6Q8PG18	ENSG00000176624.12
A0A6Q8PGD8	ENSG00000153944.12
A0A6Q8PGF6	ENSG00000132740.10
A0A6Q8PGL6	ENSG00000172795.17
A0A6Q8PGQ6	ENSG00000132740.10
A0A6Q8PH31	ENSG00000125944.21
A0A6Q8PH35	ENSG00000282958.5
A0A6Q8PH35	ENSG00000125944.22
A0A6Q8PH43	ENSG00000117569.20
A0A6Q8PH82	ENSG00000117569.20
A0A6Q8PHG0	ENSG00000125944.22
A0A6Q8PHG0	ENSG00000282958.5
A0A6Q8PHN5	ENSG00000090861.17
A0A6Q8PHT3	ENSG00000153944.12
A0A7I2V2F2	ENSG00000135316.20
A0A7I2V2I8	ENSG00000180228.14
A0A7I2V2L6	ENSG00000135486.19
A0A7I2V2P4	ENSG00000180228.14
A0A7I2V2R0	ENSG00000138757.15
A0A7I2V2S5	ENSG00000145907.16
A0A7I2V2S8	ENSG00000115053.17
A0A7I2V2V1	ENSG00000145907.16
A0A7I2V2X7	ENSG00000145907.16
A0A7I2V2Z4	ENSG00000135486.19
A0A7I2V309	ENSG00000135316.20
A0A7I2V315	ENSG00000180228.14
A0A7I2V328	ENSG00000107371.14
A0A7I2V346	ENSG00000135316.20
A0A7I2V3C7	ENSG00000135486.19
A0A7I2V3E2	ENSG00000138757.15
A0A7I2V3J9	ENSG00000070756.17
A0A7I2V3L6	ENSG00000180228.14
A0A7I2V3P9	ENSG00000138757.15
A0A7I2V3R8	ENSG00000135486.19
A0A7I2V3W0	ENSG00000135486.19
A0A7I2V3W4	ENSG00000135486.19
A0A7I2V4J0	ENSG00000135316.20
A0A7I2V4M0	ENSG00000135486.19
A0A7I2V4V6	ENSG00000090621.15
A0A7I2V4Z0	ENSG00000135316.20
A0A7I2V572	ENSG00000138757.15
A0A7I2V593	ENSG00000180228.14
A0A7I2V5C2	ENSG00000180228.14
A0A7I2V5H3	ENSG00000180228.14
A0A7I2V5Q6	ENSG00000135316.20
A0A7I2V5U9	ENSG00000135486.19
A0A7I2V647	ENSG00000138757.15
A0A7I2V649	ENSG00000070756.17
A0A7I2V651	ENSG00000145907.16
A0A7I2YQ85	ENSG00000135486.19
A0A7I2YQ87	ENSG00000180228.14
A0A7I2YQ90	ENSG00000070756.17
A0A7I2YQB1	ENSG00000145907.16
A0A7I2YQD9	ENSG00000138757.15
A0A7I2YQG8	ENSG00000138757.15
A0A7I2YQH0	ENSG00000145907.16
A0A7I2YQK8	ENSG00000147140.17
A0A7I2YQL7	ENSG00000138757.15
A0A7I2YQN2	ENSG00000135316.20
A0A7I2YQN9	ENSG00000145907.16
A0A7I2YQS2	ENSG00000138757.15
A0A7I2YQU8	ENSG00000145907.16
A0A7I2YQV3	ENSG00000135486.19
A0A7I2YQV8	ENSG00000135316.20
A0A7I2YQX9	ENSG00000135486.19
A0A7P0P2U7	ENSG00000145907.16
A0A7P0TA14	ENSG00000160710.19
A0A804HJ47	ENSG00000164022.18
A0A804HJV5	ENSG00000075151.24
A0A804HJZ7	ENSG00000026297.17
A0A8C8KIA0	ENSG00000164022.18
A0A8C8MUD1	ENSG00000164022.18
A0A8I5KNL1	ENSG00000009307.17
A0A8I5KPQ8	ENSG00000009307.17
A0A8I5KS07	ENSG00000009307.17
A0A8I5KSA5	ENSG00000135930.15
A0A8I5KSP1	ENSG00000155506.19
A0A8I5KT16	ENSG00000135930.15
A0A8I5KT99	ENSG00000075151.24
A0A8I5KTQ3	ENSG00000009307.17
A0A8I5KUI4	ENSG00000174720.18
A0A8I5KV47	ENSG00000130713.17
A0A8I5KV92	ENSG00000075151.24
A0A8I5KVE8	ENSG00000137707.14
A0A8I5KVY3	ENSG00000130713.17
A0A8I5KW29	ENSG00000009307.17
A0A8I5KWU3	ENSG00000155506.19
A0A8I5KWW0	ENSG00000009307.17
A0A8I5KXL1	ENSG00000009307.17
A0A8I5KYA7	ENSG00000102081.16
A0A8I5KYL4	ENSG00000009307.17
A0A8I5KYL8	ENSG00000009307.17
A0A8I5KYY8	ENSG00000009307.17
A0A8I5QJH9	ENSG00000075151.24
A0A8I5QL34	ENSG00000130713.17
A0A8J9G7U8	ENSG00000075151.24
A0A8Q3SI10	ENSG00000159140.23
A0A8Q3WLW8	ENSG00000130826.19
A0A8Q3WMA7	ENSG00000116560.12
A0A8V8TLC0	ENSG00000204351.13
A0A8V8TLR3	ENSG00000204351.13
A0A8V8TM71	ENSG00000072756.18
A0A8V8TM97	ENSG00000114416.19
A0A8V8TNY0	ENSG00000092847.14
A0A8V8TQA7	ENSG00000092847.14
A0A994J440	ENSG00000138668.20
A0A994J4B1	ENSG00000138668.20
A0A994J4H9	ENSG00000138709.20
A0A994J4V7	ENSG00000197381.18
A0A994J4X5	ENSG00000138709.20
A0A994J4Y9	ENSG00000159140.23
A0A994J6S0	ENSG00000138668.20
A0A994J7B7	ENSG00000065526.13
A0A994J7I5	ENSG00000131773.15
A0A994J7P0	ENSG00000128191.17
A0A994J7T5	ENSG00000197381.18
A0A9L9PWX6	ENSG00000111786.10
A0A9L9PXI1	ENSG00000111786.10
A0A9L9PXI4	ENSG00000104824.18
A0A9L9PXJ2	ENSG00000111786.10
A0A9L9PXJ8	ENSG00000111786.10
A0A9L9PY11	ENSG00000111786.10
A0A9L9PY23	ENSG00000169045.19
A0AA34QVV3	ENSG00000160679.14
A0AA34QW03	ENSG00000135316.20
A0AAA9YGD9	ENSG00000099381.20
A0AAG2TNG9	ENSG00000282947.2
A0AAG2UWX3	ENSG00000284254.4
A0AAG2UY50	ENSG00000284254.4
A0AAQ5BGJ3	ENSG00000160710.19
A0AAQ5BIJ9	ENSG00000132740.10
A6NG75	ENSG00000132819.17
A6NKZ9	ENSG00000151923.18
A6PVU5	ENSG00000135314.14
A8MV53	ENSG00000130810.20
B0QYA4	ENSG00000100353.18
B0QYA5	ENSG00000100353.18
B0QYA6	ENSG00000100353.18
B0QYA8	ENSG00000100353.18
B1AKP7	ENSG00000120948.19
B1AM48	ENSG00000107105.15
B1AMU4	ENSG00000171311.13
B1ANR1	ENSG00000090621.15
B4DFI3	ENSG00000161082.13
B4DGZ4	ENSG00000115524.17
B4DI28	ENSG00000117569.20
B4DJC7	ENSG00000180228.14
B4DSU6	ENSG00000092199.19
B4DT28	ENSG00000125944.22
B4DT28	ENSG00000282958.5
B4DTC1	ENSG00000116754.14
B4DVF8	ENSG00000104824.18
B4DVF8	ENSG00000282947.2
B4DWT1	ENSG00000116754.14
B4E001	ENSG00000130713.17
B4E1E4	ENSG00000135930.15
B4E227	ENSG00000162231.14
B4E3T4	ENSG00000157110.16
B7WPG3	ENSG00000143889.16
B7ZAG4	ENSG00000182134.17
B7ZLQ8	ENSG00000113742.14
B8ZZ09	ENSG00000007392.17
B8ZZ74	ENSG00000239306.5
B8ZZL3	ENSG00000135930.15
B8ZZQ4	ENSG00000132300.19
B9A023	ENSG00000135930.15
B9ZVT1	ENSG00000183808
C9IZ22	ENSG00000114416.19
C9IZV9	ENSG00000090097.22
C9J0A4	ENSG00000090097.22
C9J250	ENSG00000004534.15
C9J2Z7	ENSG00000114867.22
C9J3W3	ENSG00000130810.20
C9J5B4	ENSG00000114416.19
C9J5E5	ENSG00000115677.18
C9J5V4	ENSG00000090097.22
C9J6B6	ENSG00000114867.22
C9J6C5	ENSG00000155438.12
C9J6E5	ENSG00000163412.13
C9J7A9	ENSG00000090097.22
C9J7Z6	ENSG00000163412.13
C9J915	ENSG00000203907.10
C9J9B2	ENSG00000144642.22
C9JAA9	ENSG00000106344.8
C9JAJ4	ENSG00000114416.19
C9JB16	ENSG00000107105.15
C9JE21	ENSG00000106344.8
C9JF13	ENSG00000114867.22
C9JHF7	ENSG00000130810.20
C9JIJ9	ENSG00000144642.22
C9JIZ1	ENSG00000115677.18
C9JJZ7	ENSG00000143889.16
C9JL41	ENSG00000108848.16
C9JM75	ENSG00000156990.14
C9JMM3	ENSG00000180228.14
C9JQN7	ENSG00000106263.19
C9JSA6	ENSG00000090097.22
C9JTN7	ENSG00000116001.17
C9JTY5	ENSG00000090097.22
C9JUY2	ENSG00000163412.13
C9JY20	ENSG00000114416.19
C9JYS8	ENSG00000147140.17
C9JZE0	ENSG00000114416.19
C9JZG1	ENSG00000106263.19
C9JZY3	ENSG00000090097.22
C9K073	ENSG00000114867.22
C9K0A2	ENSG00000090097.22
D6R9H8	ENSG00000172239.14
D6R9K7	ENSG00000173933.21
D6R9M7	ENSG00000163694.15
D6R9W6	ENSG00000138709.20
D6RA49	ENSG00000163694.15
D6RAC7	ENSG00000138757.15
D6RAM1	ENSG00000169045.18
D6RBM0	ENSG00000169045.18
D6RBP6	ENSG00000163694.15
D6RBP9	ENSG00000138668.20
D6RBR0	ENSG00000138757.15
D6RBS9	ENSG00000163694.15
D6RBW8	ENSG00000138757.15
D6RDI2	ENSG00000108848.16
D6RDL0	ENSG00000169045.18
D6RDN1	ENSG00000116747.13
D6RDU3	ENSG00000169045.19
D6RDU3	ENSG00000284254.4
D6RE09	ENSG00000116747.13
D6REZ6	ENSG00000163694.15
D6RF22	ENSG00000174720.18
D6RF41	ENSG00000151962.8
D6RF44	ENSG00000138668.20
D6RFL5	ENSG00000163694.15
D6RFM3	ENSG00000169045.18
D6RIT2	ENSG00000169045.19
D6RIT2	ENSG00000284254.4
D6RIU0	ENSG00000169045.19
D6RIU0	ENSG00000284254.4
D6RJB0	ENSG00000138709.20
E2PSN0	ENSG00000139746.16
E5RFD8	ENSG00000070756.17
E5RFK1	ENSG00000040341.18
E5RFP2	ENSG00000113742.14
E5RFV3	ENSG00000153914.16
E5RG12	ENSG00000131773.15
E5RG71	ENSG00000184672.12
E5RGC4	ENSG00000070756
E5RGH3	ENSG00000070756.17
E5RGV0	ENSG00000169045.19
E5RGV0	ENSG00000284254.4
E5RGV5	ENSG00000116001.17
E5RH24	ENSG00000070756
E5RH42	ENSG00000145907.16
E5RH50	ENSG00000155506.19
E5RHA8	ENSG00000086589.12
E5RHG7	ENSG00000070756
E5RHZ8	ENSG00000161813.23
E5RIF8	ENSG00000145907.16
E5RIX9	ENSG00000184672.12
E5RJ39	ENSG00000184672.12
E5RJ67	ENSG00000040341.18
E5RJB9	ENSG00000070756
E5RJH3	ENSG00000156482.11
E5RJM0	ENSG00000113742.14
E5RJM8	ENSG00000070756.17
E5RJN7	ENSG00000040341.18
E5RJU8	ENSG00000145907.16
E7EN40	ENSG00000169045.19
E7EN40	ENSG00000284254.4
E7EPF2	ENSG00000153250.21
E7EPX0	ENSG00000040341.18
E7EQJ0	ENSG00000169045.18
E7ERC4	ENSG00000138385.16
E7ET84	ENSG00000104517.13
E7ETC0	ENSG00000151923.18
E7ETJ9	ENSG00000151923.18
E7ETU5	ENSG00000153250.21
E7EUN9	ENSG00000167264.18
E7EV40	ENSG00000092345.14
E7EVI1	ENSG00000040341.18
E7EW00	ENSG00000163714.18
E9PB51	ENSG00000173933.21
E9PB61	ENSG00000183684.8
E9PE20	ENSG00000143742.14
E9PFL9	ENSG00000138385.16
E9PFP8	ENSG00000183570.17
E9PGM9	ENSG00000004534.15
E9PGX9	ENSG00000138385.16
E9PID8	ENSG00000101811.15
E9PJH4	ENSG00000149273.15
E9PK21	ENSG00000084072.17
E9PK82	ENSG00000149273.15
E9PKA1	ENSG00000149187.19
E9PKM6	ENSG00000138303.19
E9PKN4	ENSG00000009307.17
E9PKN8	ENSG00000182134.17
E9PKU1	ENSG00000149187.19
E9PL92	ENSG00000138303.19
E9PLB0	ENSG00000173914.12
E9PLD4	ENSG00000009307.17
E9PM61	ENSG00000173914.12
E9PM82	ENSG00000138303.19
E9PMU7	ENSG00000179950.15
E9PN18	ENSG00000179950.15
E9PNY6	ENSG00000110060.9
E9PNY7	ENSG00000165494.12
E9PPV2	ENSG00000185946.16
E9PQ96	ENSG00000149273.15
E9PQD0	ENSG00000175376.9
E9PQF9	ENSG00000165494.12
E9PQK4	ENSG00000149187.19
E9PQU5	ENSG00000119707.14
E9PQZ6	ENSG00000138303.19
E9PRI9	ENSG00000110060.9
E9PSH0	ENSG00000149187.19
F2Z2S8	ENSG00000149273.15
F2Z2T1	ENSG00000136937.13
F2Z2U1	ENSG00000242389.9
F2Z2U1	ENSG00000234414.8
F2Z2U1	ENSG00000242875.7
F2Z2U1	ENSG00000244395.6
F2Z364	ENSG00000203907.10
F5GX64	ENSG00000132740.10
F5GXL3	ENSG00000177192.14
F5GXS8	ENSG00000112531.17
F5GXV1	ENSG00000198000.12
F5GXV1	ENSG00000291347.1
F5GYM3	ENSG00000112531.17
F5GYT7	ENSG00000112531.17
F5H0D8	ENSG00000149187.19
F5H0M7	ENSG00000103248.19
F5H168	ENSG00000177192.14
F5H1A5	ENSG00000061936.10
F5H1B2	ENSG00000177192.14
F5H4Y5	ENSG00000149187.19
F5H5U6	ENSG00000112531.17
F5H692	ENSG00000198000.12
F5H692	ENSG00000291347.1
F5H697	ENSG00000243501.5
F5H797	ENSG00000198000.12
F5H797	ENSG00000291347.1
F5H7D5	ENSG00000198000.12
F5H7D5	ENSG00000291347.1
F5H8C8	ENSG00000112531.17
F6UBL3	ENSG00000140488.16
F6UDC6	ENSG00000124214.21
F6UXX1	ENSG00000135316
F6WRY4	ENSG00000065526.13
F8VP44	ENSG00000187778.14
F8VP94	ENSG00000139546.12
F8VRH0	ENSG00000197111.16
F8VRK6	ENSG00000204842.18
F8VSA1	ENSG00000139546.12
F8VTQ5	ENSG00000135486.19
F8VTT7	ENSG00000139546.12
F8VTZ0	ENSG00000197111.16
F8VV01	ENSG00000076067.14
F8VVA6	ENSG00000187778.14
F8VW32	ENSG00000139546.12
F8VW64	ENSG00000139910.20
F8VWC0	ENSG00000129317.15
F8VWX1	ENSG00000139910.20
F8VXH9	ENSG00000197111.16
F8VY40	ENSG00000161813.23
F8VYI3	ENSG00000139910.20
F8VYK3	ENSG00000139546.12
F8VYK6	ENSG00000139546.12
F8VYN5	ENSG00000135486.19
F8VZ49	ENSG00000135486.19
F8VZ57	ENSG00000139546.12
F8VZA0	ENSG00000129317.15
F8VZX2	ENSG00000197111.16
F8VZZ7	ENSG00000139546.12
F8W0B5	ENSG00000204842.18
F8W0G4	ENSG00000197111.16
F8W0W6	ENSG00000139343.11
F8W1G6	ENSG00000197111.16
F8W1I4	ENSG00000161813.23
F8W1T6	ENSG00000076067.14
F8W1Z5	ENSG00000161813.23
F8W646	ENSG00000135486.19
F8W659	ENSG00000139910.20
F8W6I7	ENSG00000135486
F8W8C3	ENSG00000072756.18
F8W9U5	ENSG00000177192.14
F8WA97	ENSG00000149016.16
F8WB05	ENSG00000204842.18
F8WB66	ENSG00000099995.19
F8WC71	ENSG00000090097.22
F8WC81	ENSG00000115368.10
F8WCA5	ENSG00000004534.15
F8WD15	ENSG00000136231.14
F8WD91	ENSG00000152430.19
F8WDX3	ENSG00000239306.5
F8WE16	ENSG00000116001.17
F8WE20	ENSG00000115368.10
F8WED0	ENSG00000055044.11
F8WEG8	ENSG00000180228.14
G3V0E9	ENSG00000138709.20
G3V1V1	ENSG00000139168.9
G3V251	ENSG00000092199.19
G3V2B4	ENSG00000100461.18
G3V2D6	ENSG00000092199.19
G3V2H6	ENSG00000092199.19
G3V331	ENSG00000100441.10
G3V3K6	ENSG00000092199.19
G3V470	ENSG00000129566.13
G3V470	ENSG00000291791.1
G3V4M8	ENSG00000092199.19
G3V546	ENSG00000100461.18
G3V5V7	ENSG00000092199.19
G3V5X6	ENSG00000092199.19
G3V5Z6	ENSG00000100461.18
G3XAP0	ENSG00000100461.18
G8JLA5	ENSG00000139910.20
H0Y386	ENSG00000101104.13
H0Y3K3	ENSG00000184863.11
H0Y472	ENSG00000131503.21
H0Y4P6	ENSG00000131503.21
H0Y4X3	ENSG00000131051.24
H0Y5U7	ENSG00000065526.13
H0Y6A1	ENSG00000147206.17
H0Y6E7	ENSG00000147274.14
H0Y6F9	ENSG00000089682.18
H0Y6X6	ENSG00000090621.15
H0Y785	ENSG00000131503.21
H0Y7Y3	ENSG00000131503.21
H0Y863	ENSG00000091127.14
H0Y8D9	ENSG00000163714.18
H0Y8G5	ENSG00000138668.20
H0Y8T4	ENSG00000015479.20
H0Y8X3	ENSG00000175766.13
H0Y9D9	ENSG00000137449.17
H0Y9K3	ENSG00000138709.20
H0Y9K7	ENSG00000116560.12
H0Y9N5	ENSG00000116747.13
H0YA81	ENSG00000108848.16
H0YA96	ENSG00000138668.20
H0YAP2	ENSG00000070756.17
H0YAQ1	ENSG00000131773.15
H0YAQ3	ENSG00000131773.15
H0YAS6	ENSG00000070756.17
H0YAS7	ENSG00000070756.17
H0YB75	ENSG00000070756
H0YB86	ENSG00000070756.17
H0YBB3	ENSG00000104413.18
H0YBD7	ENSG00000169045.19
H0YBD7	ENSG00000284254.4
H0YBN4	ENSG00000070756
H0YBR2	ENSG00000104413.18
H0YBU9	ENSG00000157110.16
H0YBW1	ENSG00000155506.19
H0YBY0	ENSG00000040341.18
H0YC10	ENSG00000070756.17
H0YC73	ENSG00000155506.19
H0YCC8	ENSG00000090621.15
H0YCF8	ENSG00000110321.19
H0YCH5	ENSG00000110321.19
H0YCJ7	ENSG00000149273.15
H0YCP8	ENSG00000179950.15
H0YD77	ENSG00000110321.19
H0YE44	ENSG00000110321.19
H0YE79	ENSG00000138303.19
H0YEB8	ENSG00000185946.16
H0YEC5	ENSG00000110321.19
H0YEQ8	ENSG00000090621.15
H0YER0	ENSG00000090621.15
H0YEU6	ENSG00000090621.15
H0YF32	ENSG00000149273.15
H0YG47	ENSG00000112531.17
H0YGD6	ENSG00000112531.17
H0YH80	ENSG00000135486
H0YH87	ENSG00000204842.18
H0YHB7	ENSG00000135097.7
H0YHH7	ENSG00000123064.13
H0YHU8	ENSG00000075856.12
H0YIB4	ENSG00000111786.10
H0YIL2	ENSG00000122965.11
H0YJH9	ENSG00000100836.11
H0YJJ3	ENSG00000100461.18
H0YJP7	ENSG00000196943.14
H0YJP7	ENSG00000285326.3
H0YJW7	ENSG00000119705.10
H0YKS1	ENSG00000104177.20
H0YKY4	ENSG00000138593.9
H0YLR3	ENSG00000131876.18
H0YLW0	ENSG00000140319.11
H0YLW7	ENSG00000137776.17
H0YMQ2	ENSG00000229474.8
H0YMR6	ENSG00000137776.17
H0YMW8	ENSG00000137776.17
H0YN19	ENSG00000104177.20
H0YN46	ENSG00000136381.13
H0YNF3	ENSG00000137776.17
H0YNT4	ENSG00000138593.9
H3BMB8	ENSG00000179151.13
H3BMZ6	ENSG00000007376.8
H3BNC1	ENSG00000147274.14
H3BND9	ENSG00000197111.16
H3BNJ4	ENSG00000103994.18
H3BNJ7	ENSG00000179151.13
H3BNU5	ENSG00000174177.13
H3BNW0	ENSG00000066654.14
H3BNX5	ENSG00000103994.18
H3BPE3	ENSG00000184110.15
H3BPE4	ENSG00000184110.15
H3BPW9	ENSG00000179151.13
H3BQ37	ENSG00000179151.13
H3BQN8	ENSG00000007376.8
H3BQP5	ENSG00000179151.13
H3BR27	ENSG00000147274.14
H3BRD4	ENSG00000103994.18
H3BRG3	ENSG00000007376.8
H3BRR1	ENSG00000132740.10
H3BRU6	ENSG00000197111.16
H3BS55	ENSG00000007376.8
H3BSG4	ENSG00000007376.8
H3BSK9	ENSG00000168488.19
H3BSP4	ENSG00000197111.16
H3BSQ5	ENSG00000168488.19
H3BSS4	ENSG00000197111.16
H3BT23	ENSG00000140694.18
H3BT23	ENSG00000274829.4
H3BT71	ENSG00000147274.14
H3BTF8	ENSG00000179151.13
H3BTH0	ENSG00000179151.13
H3BTY8	ENSG00000184110.15
H3BU87	ENSG00000179151.13
H3BU91	ENSG00000007376.8
H3BUB1	ENSG00000131951.12
H3BUE3	ENSG00000168488.19
H3BUL0	ENSG00000205937.12
H3BUN6	ENSG00000007376.8
H3BV41	ENSG00000167005.14
H3BV98	ENSG00000139546.12
H3BVD0	ENSG00000007376.8
H3BVG1	ENSG00000140694.18
H3BVG1	ENSG00000274829.4
H7BXF3	ENSG00000136527.19
H7BXF6	ENSG00000138035.15
H7BXH8	ENSG00000143889.16
H7BY49	ENSG00000116001.17
H7BYY4	ENSG00000179988.15
H7BZ72	ENSG00000055044.11
H7BZC3	ENSG00000115677.18
H7BZE0	ENSG00000155636.16
H7C044	ENSG00000114867.22
H7C0A4	ENSG00000115677.18
H7C1H7	ENSG00000156990.14
H7C1L2	ENSG00000099995.19
H7C1S4	ENSG00000159140.23
H7C257	ENSG00000159140.23
H7C2C3	ENSG00000156990.14
H7C2D1	ENSG00000115677.18
H7C2G8	ENSG00000159140.23
H7C2Q2	ENSG00000130826.19
H7C2R4	ENSG00000117597.18
H7C341	ENSG00000115524.17
H7C367	ENSG00000147140.17
H7C3C5	ENSG00000138035.15
H7C3D0	ENSG00000115677.18
H7C3Q5	ENSG00000115685.15
H7C446	ENSG00000130810.20
H7C454	ENSG00000156990.14
H7C476	ENSG00000155636.16
H7C4H8	ENSG00000163950.13
H7C4S4	ENSG00000114416.19
H7C4V2	ENSG00000163714.18
H7C581	ENSG00000120699.14
H7C5G8	ENSG00000106344.8
H7C5U6	ENSG00000113360.17
H7C5U7	ENSG00000108848.16
I3L0J9	ENSG00000174231.18
I3L0J9	ENSG00000274442.2
I3L0W0	ENSG00000121057.13
I3L1Y3	ENSG00000122299.12
I3L1Z2	ENSG00000129245.13
I3L2B5	ENSG00000139910.20
I3L2K5	ENSG00000122299.12
I3L2N8	ENSG00000122299.12
I3L323	ENSG00000122299.12
I3L382	ENSG00000122299.12
I3L3C4	ENSG00000171490.13
I3L4Q1	ENSG00000262860.5
I3L4Q1	ENSG00000257103.9
I3NI36	ENSG00000121057.13
J3KPI1	ENSG00000138593.9
J3KQU3	ENSG00000139910.20
J3KRY3	ENSG00000128739.23
J3KSW7	ENSG00000136450.13
J3KTC1	ENSG00000153944.12
J3QK89	ENSG00000085872.15
J3QKT5	ENSG00000153944.12
J3QLE5	ENSG00000128739.23
J3QQ64	ENSG00000026297.17
J3QQV5	ENSG00000136450.13
J3QRD6	ENSG00000132603.15
J3QRR4	ENSG00000132603.15
J3QRR5	ENSG00000173933.21
J3QSC4	ENSG00000108349.18
J3QT27	ENSG00000183570.17
J3QT61	ENSG00000132591.12
K7EIF7	ENSG00000099622.14
K7EJ09	ENSG00000129351.18
K7EJ26	ENSG00000101489.20
K7EJD7	ENSG00000101489.20
K7EJK3	ENSG00000101489.20
K7EJM5	ENSG00000120948.19
K7EJW4	ENSG00000101489.20
K7EJX6	ENSG00000167281.20
K7EK45	ENSG00000011304.22
K7EKJ7	ENSG00000011304.22
K7EKY0	ENSG00000129351.18
K7ELG9	ENSG00000161654.10
K7ELP8	ENSG00000063244.14
K7ELY5	ENSG00000078687.18
K7EM82	ENSG00000129351.18
K7EM86	ENSG00000105705.16
K7EML2	ENSG00000126254.12
K7EMS9	ENSG00000130813.18
K7EN94	ENSG00000120948.19
K7ENA3	ENSG00000168101.15
K7ENI9	ENSG00000104907.13
K7ENK6	ENSG00000129351.18
K7ENN6	ENSG00000099622.14
K7EP16	ENSG00000130811.12
K7EPB5	ENSG00000196361.10
K7EPX2	ENSG00000101489.20
K7EQ75	ENSG00000129351.18
K7EQ97	ENSG00000101489.20
K7EQJ8	ENSG00000132591.12
K7EQL0	ENSG00000099622.14
K7EQR9	ENSG00000129351.18
K7EQU7	ENSG00000104907.13
K7EQX4	ENSG00000099622.14
K7EQY6	ENSG00000104907.13
K7ER23	ENSG00000176624.12
K7ERH1	ENSG00000101489.20
K7ERM6	ENSG00000129351.18
K7ERS0	ENSG00000179115.11
K7ES14	ENSG00000161082.13
K7ES42	ENSG00000160633.13
K7ES59	ENSG00000011304.22
K7ESF7	ENSG00000167281.20
M0QXK2	ENSG00000077312.9
M0QXW7	ENSG00000088247.19
M0QY96	ENSG00000099783.13
M0QYH3	ENSG00000088247.19
M0QYK5	ENSG00000161265.15
M0QYL7	ENSG00000104824.18
M0QYL7	ENSG00000282947.2
M0QYQ7	ENSG00000099783.13
M0QYR1	ENSG00000104852.15
M0QYT0	ENSG00000268083.5
M0QYT0	ENSG00000282832.1
M0QZG7	ENSG00000077312.9
M0QZM1	ENSG00000099783.13
M0QZR9	ENSG00000066044.15
M0R019	ENSG00000099783.13
M0R055	ENSG00000066044.15
M0R0G9	ENSG00000077312.9
M0R0I5	ENSG00000088247.19
M0R0N3	ENSG00000099783.13
M0R137	ENSG00000101489.20
M0R1W6	ENSG00000104824.18
M0R1W6	ENSG00000282947.2
M0R221	ENSG00000077312.9
M0R268	ENSG00000077312.9
M0R2I7	ENSG00000099783.13
M0R2N4	ENSG00000267120.3
M0R2T0	ENSG00000099783.13
M0R3F6	ENSG00000064607.17
Q4VXT5	ENSG00000101104.13
Q4VXT8	ENSG00000101104.13
Q5HYY5	ENSG00000187742.15
Q5JQF3	ENSG00000174740.8
Q5JRF7	ENSG00000145982.13
Q5JW28	ENSG00000124214.21
Q5JY83	ENSG00000134597.17
Q5QP22	ENSG00000131051.24
Q5QPL9	ENSG00000125970.12
Q5QPM0	ENSG00000125970.12
Q5QPM1	ENSG00000125970.12
Q5QPM2	ENSG00000125970.12
Q5SZ64	ENSG00000143368.10
Q5T0W7	ENSG00000148584.16
Q5T760	ENSG00000116754.14
Q5VW43	ENSG00000185736.16
Q5VXM9	ENSG00000197498.13
Q6IQ42	ENSG00000188529.15
Q8IXW7	ENSG00000102081.16
Q96J85	ENSG00000161813.23
R4GMQ7	ENSG00000171311.13
R4GNH9	ENSG00000171311.13
S4R2X6	ENSG00000116350.18
S4R359	ENSG00000165119.22
S4R3G0	ENSG00000111786.10
S4R3P3	ENSG00000125835.20
S4R457	ENSG00000165119.22
U3KQD5	ENSG00000173914.12
U3KQH7	ENSG00000103994.18
U3KQN5	ENSG00000197498.13
U3KQU2	ENSG00000241058.4
V9GY47	ENSG00000048740.19
W4VSQ8	ENSG00000168101.15
X6R242	ENSG00000119314.16
X6R700	ENSG00000160679.14
X6R941	ENSG00000136937.13
X6RDA4	ENSG00000121390.19
X6RK96	ENSG00000121486.12
